index,x,y,z,nx,ny,nz,theta
0,0.360000,0.000000,0.160000,0.980581,0.000000,0.196116,0.000000
1,0.359689,0.004712,0.160627,0.977539,0.077176,0.196116,0.078786
2,0.359009,0.009376,0.161254,0.968432,0.153874,0.196116,0.157572
3,0.357966,0.013962,0.161881,0.953318,0.229616,0.196116,0.236358
4,0.356568,0.018442,0.162508,0.932289,0.303934,0.196116,0.315144
5,0.354826,0.022789,0.163135,0.905476,0.376367,0.196116,0.393930
6,0.352750,0.026976,0.163762,0.873045,0.446464,0.196116,0.472716
7,0.350357,0.030978,0.164389,0.835198,0.513792,0.196116,0.551502
8,0.347661,0.034771,0.165016,0.792170,0.577932,0.196116,0.630288
9,0.344681,0.038333,0.165643,0.744226,0.638487,0.196116,0.709074
10,0.341437,0.041642,0.166270,0.691666,0.695080,0.196116,0.787860
11,0.337950,0.044678,0.166897,0.634814,0.747361,0.196116,0.866646
12,0.334243,0.047425,0.167524,0.574025,0.795006,0.196116,0.945432
13,0.330339,0.049866,0.168150,0.509673,0.837718,0.196116,1.024218
14,0.326263,0.051987,0.168777,0.442160,0.875233,0.196116,1.103004
15,0.322043,0.053777,0.169404,0.371904,0.907318,0.196116,1.181790
16,0.317704,0.055225,0.170031,0.299340,0.933774,0.196116,1.260576
17,0.313273,0.056325,0.170658,0.224919,0.954437,0.196116,1.339362
18,0.308780,0.057072,0.171285,0.149103,0.969178,0.196116,1.418148
19,0.304252,0.057460,0.171912,0.072362,0.977907,0.196116,1.496934
20,0.299717,0.057491,0.172539,-0.004828,0.980569,0.196116,1.575720
21,0.295203,0.057166,0.173166,-0.081989,0.977147,0.196116,1.654506
22,0.290739,0.056487,0.173793,-0.158640,0.967663,0.196116,1.733292
23,0.286352,0.055461,0.174420,-0.234308,0.952176,0.196116,1.812079
24,0.282069,0.054096,0.175047,-0.308521,0.930781,0.196116,1.890865
25,0.277916,0.052402,0.175674,-0.380821,0.903612,0.196116,1.969651
26,0.273918,0.050390,0.176301,-0.450758,0.870836,0.196116,2.048437
27,0.270099,0.048074,0.176928,-0.517899,0.832658,0.196116,2.127223
28,0.266482,0.045471,0.177555,-0.581826,0.789314,0.196116,2.206009
29,0.263090,0.042597,0.178182,-0.642144,0.741073,0.196116,2.284795
30,0.259941,0.039472,0.178809,-0.698478,0.688235,0.196116,2.363581
31,0.257055,0.036116,0.179436,-0.750478,0.631127,0.196116,2.442367
32,0.254447,0.032551,0.180063,-0.797823,0.570103,0.196116,2.521153
33,0.252134,0.028800,0.180690,-0.840218,0.505542,0.196116,2.599939
34,0.250128,0.024887,0.181317,-0.877400,0.437845,0.196116,2.678725
35,0.248440,0.020838,0.181944,-0.909138,0.367431,0.196116,2.757511
36,0.247080,0.016678,0.182571,-0.935237,0.294738,0.196116,2.836297
37,0.246054,0.012433,0.183197,-0.955533,0.220217,0.196116,2.915083
38,0.245366,0.008130,0.183824,-0.969901,0.144329,0.196116,2.993869
39,0.245021,0.003796,0.184451,-0.978252,0.067546,0.196116,3.072655
40,0.245018,-0.000541,0.185078,-0.980533,-0.009657,0.196116,3.151441
41,0.245356,-0.004856,0.185705,-0.976731,-0.086799,0.196116,3.230227
42,0.246032,-0.009121,0.186332,-0.966870,-0.163403,0.196116,3.309013
43,0.247039,-0.013309,0.186959,-0.951010,-0.238993,0.196116,3.387799
44,0.248369,-0.017396,0.187586,-0.929250,-0.313101,0.196116,3.466585
45,0.250014,-0.021357,0.188213,-0.901725,-0.385266,0.196116,3.545371
46,0.251961,-0.025166,0.188840,-0.868606,-0.455041,0.196116,3.624157
47,0.254197,-0.028803,0.189467,-0.830098,-0.521992,0.196116,3.702943
48,0.256706,-0.032243,0.190094,-0.786440,-0.585706,0.196116,3.781729
49,0.259473,-0.035468,0.190721,-0.737902,-0.645785,0.196116,3.860515
50,0.262477,-0.038458,0.191348,-0.684787,-0.701858,0.196116,3.939301
51,0.265701,-0.041195,0.191975,-0.627424,-0.753577,0.196116,4.018087
52,0.269122,-0.043665,0.192602,-0.566167,-0.800620,0.196116,4.096873
53,0.272718,-0.045852,0.193229,-0.501399,-0.842697,0.196116,4.175659
54,0.276467,-0.047744,0.193856,-0.433519,-0.879545,0.196116,4.254445
55,0.280344,-0.049332,0.194483,-0.362950,-0.910937,0.196116,4.333231
56,0.284325,-0.050606,0.195110,-0.290130,-0.936677,0.196116,4.412017
57,0.288384,-0.051560,0.195737,-0.215509,-0.956606,0.196116,4.490803
58,0.292496,-0.052191,0.196364,-0.139551,-0.970600,0.196116,4.569589
59,0.296635,-0.052494,0.196991,-0.062728,-0.978572,0.196116,4.648375
60,0.300775,-0.052471,0.197618,0.014485,-0.980474,0.196116,4.727161
61,0.304891,-0.052122,0.198245,0.091608,-0.976292,0.196116,4.805947
62,0.308956,-0.051452,0.198871,0.168162,-0.966054,0.196116,4.884733
63,0.312947,-0.050466,0.199498,0.243673,-0.949822,0.196116,4.963519
64,0.316838,-0.049172,0.200125,0.317673,-0.927697,0.196116,5.042305
65,0.320606,-0.047579,0.200752,0.389701,-0.899817,0.196116,5.121091
66,0.324228,-0.045699,0.201379,0.459312,-0.866355,0.196116,5.199877
67,0.327682,-0.043544,0.202006,0.526074,-0.827517,0.196116,5.278664
68,0.330948,-0.041130,0.202633,0.589571,-0.783546,0.196116,5.357450
69,0.334006,-0.038473,0.203260,0.649411,-0.734714,0.196116,5.436236
70,0.336839,-0.035590,0.203887,0.705222,-0.681323,0.196116,5.515022
71,0.339429,-0.032501,0.204514,0.756657,-0.623705,0.196116,5.593808
72,0.341762,-0.029225,0.205141,0.803398,-0.562218,0.196116,5.672594
73,0.343824,-0.025784,0.205768,0.845155,-0.497243,0.196116,5.751380
74,0.345605,-0.022200,0.206395,0.881669,-0.429183,0.196116,5.830166
75,0.347094,-0.018496,0.207022,0.912713,-0.358460,0.196116,5.908952
76,0.348283,-0.014695,0.207649,0.938094,-0.285514,0.196116,5.987738
77,0.349168,-0.010823,0.208276,0.957655,-0.210796,0.196116,6.066524
78,0.349743,-0.006902,0.208903,0.971275,-0.134770,0.196116,6.145310
79,0.350007,-0.002958,0.209530,0.978869,-0.057908,0.196116,6.224096
80,0.349959,0.000984,0.210157,0.980390,0.019313,0.196116,6.302882
81,0.349602,0.004901,0.210784,0.975829,0.096414,0.196116,6.381668
82,0.348939,0.008767,0.211411,0.965214,0.172917,0.196116,6.460454
83,0.347976,0.012560,0.212038,0.948611,0.248347,0.196116,6.539240
84,0.346720,0.016256,0.212665,0.926122,0.322237,0.196116,6.618026
85,0.345181,0.019832,0.213292,0.897888,0.394127,0.196116,6.696812
86,0.343369,0.023267,0.213918,0.864083,0.463573,0.196116,6.775598
87,0.341298,0.026541,0.214545,0.824917,0.530142,0.196116,6.854384
88,0.338981,0.029633,0.215172,0.780633,0.593422,0.196116,6.933170
89,0.336434,0.032525,0.215799,0.731507,0.653021,0.196116,7.011956
90,0.333675,0.035201,0.216426,0.677842,0.708568,0.196116,7.090742
91,0.330721,0.037645,0.217053,0.619972,0.759719,0.196116,7.169528
92,0.327591,0.039843,0.217680,0.558255,0.806157,0.196116,7.248314
93,0.324307,0.041783,0.218307,0.493075,0.847594,0.196116,7.327100
94,0.320888,0.043453,0.218934,0.424836,0.883772,0.196116,7.405886
95,0.317358,0.044846,0.219561,0.353962,0.914467,0.196116,7.484672
96,0.313739,0.045952,0.220188,0.280891,0.939489,0.196116,7.563458
97,0.310053,0.046769,0.220815,0.206078,0.958682,0.196116,7.642244
98,0.306325,0.047291,0.221442,0.129986,0.971927,0.196116,7.721030
99,0.302576,0.047516,0.222069,0.053088,0.979143,0.196116,7.799816
100,0.298832,0.047446,0.222696,-0.024140,0.980283,0.196116,7.878602
101,0.295114,0.047083,0.223323,-0.101218,0.975343,0.196116,7.957388
102,0.291446,0.046429,0.223950,-0.177668,0.964351,0.196116,8.036174
103,0.287851,0.045490,0.224577,-0.253016,0.947376,0.196116,8.114960
104,0.284350,0.044275,0.225204,-0.326793,0.924524,0.196116,8.193746
105,0.280965,0.042791,0.225831,-0.398544,0.895936,0.196116,8.272532
106,0.277716,0.041050,0.226458,-0.467822,0.861789,0.196116,8.351318
107,0.274623,0.039064,0.227085,-0.534197,0.822296,0.196116,8.430104
108,0.271703,0.036846,0.227712,-0.597259,0.777702,0.196116,8.508890
109,0.268975,0.034411,0.228339,-0.656615,0.728283,0.196116,8.587676
110,0.266454,0.031776,0.228966,-0.711897,0.674345,0.196116,8.666462
111,0.264155,0.028959,0.229592,-0.762763,0.616223,0.196116,8.745249
112,0.262090,0.025977,0.230219,-0.808896,0.554279,0.196116,8.824035
113,0.260272,0.022850,0.230846,-0.850011,0.488896,0.196116,8.902821
114,0.258710,0.019599,0.231473,-0.885853,0.420479,0.196116,8.981607
115,0.257413,0.016244,0.232100,-0.916199,0.349455,0.196116,9.060393
116,0.256387,0.012806,0.232727,-0.940860,0.276262,0.196116,9.139179
117,0.255637,0.009308,0.233354,-0.959685,0.201355,0.196116,9.217965
118,0.255166,0.005772,0.233981,-0.972555,0.125198,0.196116,9.296751
119,0.254976,0.002219,0.234608,-0.979392,0.048266,0.196116,9.375537
120,0.255067,-0.001328,0.235235,-0.980153,-0.028967,0.196116,9.454323
121,0.255435,-0.004847,0.235862,-0.974832,-0.106019,0.196116,9.533109
122,0.256078,-0.008316,0.236489,-0.963464,-0.182414,0.196116,9.611895
123,0.256990,-0.011714,0.237116,-0.946119,-0.257677,0.196116,9.690681
124,0.258163,-0.015020,0.237743,-0.922904,-0.331342,0.196116,9.769467
125,0.259589,-0.018215,0.238370,-0.893963,-0.402951,0.196116,9.848253
126,0.261258,-0.021279,0.238997,-0.859475,-0.472060,0.196116,9.927039
127,0.263158,-0.024193,0.239624,-0.819656,-0.538240,0.196116,10.005825
128,0.265275,-0.026941,0.240251,-0.774752,-0.601081,0.196116,10.084611
129,0.267596,-0.029506,0.240878,-0.725040,-0.660193,0.196116,10.163397
130,0.270105,-0.031873,0.241505,-0.670831,-0.715209,0.196116,10.242183
131,0.272784,-0.034029,0.242132,-0.612460,-0.765788,0.196116,10.320969
132,0.275617,-0.035962,0.242759,-0.550289,-0.811616,0.196116,10.399755
133,0.278585,-0.037660,0.243386,-0.484704,-0.852408,0.196116,10.478541
134,0.281669,-0.039115,0.244013,-0.416112,-0.887913,0.196116,10.557327
135,0.284849,-0.040319,0.244639,-0.344939,-0.917908,0.196116,10.636113
136,0.288104,-0.041266,0.245266,-0.271625,-0.942209,0.196116,10.714899
137,0.291413,-0.041952,0.245893,-0.196627,-0.960665,0.196116,10.793685
138,0.294757,-0.042373,0.246520,-0.120408,-0.973160,0.196116,10.872471
139,0.298114,-0.042529,0.247147,-0.043442,-0.979618,0.196116,10.951257
140,0.301463,-0.042420,0.247774,0.033793,-0.979998,0.196116,11.030043
141,0.304783,-0.042049,0.248401,0.110818,-0.974299,0.196116,11.108829
142,0.308053,-0.041419,0.249028,0.187156,-0.962554,0.196116,11.187615
143,0.311255,-0.040536,0.249655,0.262333,-0.944839,0.196116,11.266401
144,0.314367,-0.039406,0.250282,0.335882,-0.921261,0.196116,11.345187
145,0.317372,-0.038039,0.250909,0.407348,-0.891968,0.196116,11.423973
146,0.320251,-0.036444,0.251536,0.476286,-0.857141,0.196116,11.502759
147,0.322987,-0.034633,0.252163,0.542270,-0.816996,0.196116,11.581545
148,0.325564,-0.032618,0.252790,0.604889,-0.771782,0.196116,11.660331
149,0.327967,-0.030412,0.253417,0.663755,-0.721781,0.196116,11.739117
150,0.330182,-0.028031,0.254044,0.718504,-0.667301,0.196116,11.817903
151,0.332196,-0.025491,0.254671,0.768794,-0.608682,0.196116,11.896689
152,0.333999,-0.022808,0.255298,0.814316,-0.546286,0.196116,11.975475
153,0.335579,-0.020000,0.255925,0.854785,-0.480501,0.196116,12.054261
154,0.336929,-0.017085,0.256552,0.889951,-0.411735,0.196116,12.133047
155,0.338041,-0.014082,0.257179,0.919596,-0.340415,0.196116,12.211834
156,0.338911,-0.011010,0.257806,0.943535,-0.266982,0.196116,12.290620
157,0.339534,-0.007889,0.258433,0.961621,-0.191894,0.196116,12.369406
158,0.339908,-0.004738,0.259060,0.973741,-0.115615,0.196116,12.448192
159,0.340032,-0.001578,0.259687,0.979820,-0.038618,0.196116,12.526978
160,0.339906,0.001573,0.260313,0.979820,0.038618,0.196116,12.605764
161,0.339534,0.004694,0.260940,0.973741,0.115615,0.196116,12.684550
162,0.338919,0.007766,0.261567,0.961621,0.191894,0.196116,12.763336
163,0.338067,0.010771,0.262194,0.943535,0.266982,0.196116,12.842122
164,0.336983,0.013690,0.262821,0.919596,0.340415,0.196116,12.920908
165,0.335677,0.016506,0.263448,0.889951,0.411735,0.196116,12.999694
166,0.334158,0.019201,0.264075,0.854785,0.480501,0.196116,13.078480
167,0.332437,0.021760,0.264702,0.814316,0.546286,0.196116,13.157266
168,0.330525,0.024168,0.265329,0.768794,0.608682,0.196116,13.236052
169,0.328436,0.026410,0.265956,0.718504,0.667301,0.196116,13.314838
170,0.326185,0.028474,0.266583,0.663755,0.721781,0.196116,13.393624
171,0.323785,0.030348,0.267210,0.604889,0.771782,0.196116,13.472410
172,0.321254,0.032021,0.267837,0.542270,0.816996,0.196116,13.551196
173,0.318607,0.033485,0.268464,0.476286,0.857141,0.196116,13.629982
174,0.315861,0.034731,0.269091,0.407348,0.891968,0.196116,13.708768
175,0.313036,0.035754,0.269718,0.335882,0.921261,0.196116,13.787554
176,0.310148,0.036548,0.270345,0.262333,0.944839,0.196116,13.866340
177,0.307216,0.037111,0.270972,0.187156,0.962554,0.196116,13.945126
178,0.304258,0.037439,0.271599,0.110818,0.974299,0.196116,14.023912
179,0.301294,0.037533,0.272226,0.033793,0.979998,0.196116,14.102698
180,0.298342,0.037393,0.272853,-0.043442,0.979618,0.196116,14.181484
181,0.295419,0.037022,0.273480,-0.120408,0.973160,0.196116,14.260270
182,0.292545,0.036424,0.274107,-0.196627,0.960665,0.196116,14.339056
183,0.289736,0.035603,0.274734,-0.271625,0.942209,0.196116,14.417842
184,0.287010,0.034568,0.275361,-0.344939,0.917908,0.196116,14.496628
185,0.284383,0.033325,0.275987,-0.416112,0.887913,0.196116,14.575414
186,0.281870,0.031883,0.276614,-0.484704,0.852408,0.196116,14.654200
187,0.279488,0.030253,0.277241,-0.550289,0.811616,0.196116,14.732986
188,0.277249,0.028447,0.277868,-0.612460,0.765788,0.196116,14.811772
189,0.275166,0.026477,0.278495,-0.670831,0.715209,0.196116,14.890558
190,0.273252,0.024356,0.279122,-0.725040,0.660193,0.196116,14.969344
191,0.271517,0.022098,0.279749,-0.774752,0.601081,0.196116,15.048130
192,0.269971,0.019719,0.280376,-0.819656,0.538240,0.196116,15.126916
193,0.268622,0.017234,0.281003,-0.859475,0.472060,0.196116,15.205702
194,0.267477,0.014660,0.281630,-0.893963,0.402951,0.196116,15.284488
195,0.266542,0.012012,0.282257,-0.922904,0.331342,0.196116,15.363274
196,0.265822,0.009309,0.282884,-0.946119,0.257677,0.196116,15.442060
197,0.265318,0.006566,0.283511,-0.963464,0.182414,0.196116,15.520846
198,0.265034,0.003803,0.284138,-0.974832,0.106019,0.196116,15.599632
199,0.264968,0.001035,0.284765,-0.980153,0.028967,0.196116,15.678419
200,0.265121,-0.001719,0.285392,-0.979392,-0.048266,0.196116,15.757205
201,0.265489,-0.004443,0.286019,-0.972555,-0.125198,0.196116,15.835991
202,0.266068,-0.007119,0.286646,-0.959685,-0.201355,0.196116,15.914777
203,0.266854,-0.009733,0.287273,-0.940860,-0.276262,0.196116,15.993563
204,0.267840,-0.012266,0.287900,-0.916199,-0.349455,0.196116,16.072349
205,0.269018,-0.014706,0.288527,-0.885853,-0.420479,0.196116,16.151135
206,0.270381,-0.017036,0.289154,-0.850011,-0.488896,0.196116,16.229921
207,0.271917,-0.019244,0.289781,-0.808896,-0.554279,0.196116,16.308707
208,0.273616,-0.021315,0.290408,-0.762763,-0.616223,0.196116,16.387493
209,0.275466,-0.023239,0.291034,-0.711897,-0.674345,0.196116,16.466279
210,0.277455,-0.025005,0.291661,-0.656615,-0.728283,0.196116,16.545065
211,0.279570,-0.026603,0.292288,-0.597259,-0.777702,0.196116,16.623851
212,0.281795,-0.028023,0.292915,-0.534197,-0.822296,0.196116,16.702637
213,0.284117,-0.029258,0.293542,-0.467822,-0.861789,0.196116,16.781423
214,0.286520,-0.030303,0.294169,-0.398544,-0.895936,0.196116,16.860209
215,0.288989,-0.031152,0.294796,-0.326793,-0.924524,0.196116,16.938995
216,0.291507,-0.031801,0.295423,-0.253016,-0.947376,0.196116,17.017781
217,0.294059,-0.032247,0.296050,-0.177668,-0.964351,0.196116,17.096567
218,0.296628,-0.032490,0.296677,-0.101218,-0.975343,0.196116,17.175353
219,0.299199,-0.032529,0.297304,-0.024140,-0.980283,0.196116,17.254139
220,0.301755,-0.032366,0.297931,0.053088,-0.979143,0.196116,17.332925
221,0.304280,-0.032003,0.298558,0.129986,-0.971927,0.196116,17.411711
222,0.306759,-0.031445,0.299185,0.206078,-0.958682,0.196116,17.490497
223,0.309177,-0.030695,0.299812,0.280891,-0.939489,0.196116,17.569283
224,0.311519,-0.029761,0.300439,0.353962,-0.914467,0.196116,17.648069
225,0.313772,-0.028649,0.301066,0.424836,-0.883772,0.196116,17.726855
226,0.315921,-0.027367,0.301693,0.493075,-0.847594,0.196116,17.805641
227,0.317954,-0.025926,0.302320,0.558255,-0.806157,0.196116,17.884427
228,0.319859,-0.024336,0.302947,0.619972,-0.759719,0.196116,17.963213
229,0.321626,-0.022607,0.303574,0.677842,-0.708568,0.196116,18.041999
230,0.323245,-0.020751,0.304201,0.731507,-0.653021,0.196116,18.120785
231,0.324706,-0.018781,0.304828,0.780633,-0.593422,0.196116,18.199571
232,0.326002,-0.016711,0.305455,0.824917,-0.530142,0.196116,18.278357
233,0.327126,-0.014553,0.306082,0.864083,-0.463573,0.196116,18.357143
234,0.328073,-0.012323,0.306708,0.897888,-0.394127,0.196116,18.435929
235,0.328837,-0.010034,0.307335,0.926122,-0.322237,0.196116,18.514715
236,0.329416,-0.007701,0.307962,0.948611,-0.248347,0.196116,18.593501
237,0.329808,-0.005340,0.308589,0.965214,-0.172917,0.196116,18.672287
238,0.330011,-0.002965,0.309216,0.975829,-0.096414,0.196116,18.751073
239,0.330026,-0.000591,0.309843,0.980390,-0.019313,0.196116,18.829859
240,0.329854,0.001766,0.310470,0.978869,0.057908,0.196116,18.908645
241,0.329498,0.004093,0.311097,0.971275,0.134770,0.196116,18.987431
242,0.328962,0.006375,0.311724,0.957655,0.210796,0.196116,19.066217
243,0.328250,0.008598,0.312351,0.938094,0.285514,0.196116,19.145004
244,0.327369,0.010749,0.312978,0.912713,0.358460,0.196116,19.223790
245,0.326326,0.012815,0.313605,0.881669,0.429183,0.196116,19.302576
246,0.325127,0.014784,0.314232,0.845155,0.497243,0.196116,19.381362
247,0.323783,0.016643,0.314859,0.803398,0.562218,0.196116,19.460148
248,0.322303,0.018384,0.315486,0.756657,0.623705,0.196116,19.538934
249,0.320696,0.019995,0.316113,0.705222,0.681323,0.196116,19.617720
250,0.318975,0.021468,0.316740,0.649411,0.734714,0.196116,19.696506
251,0.317152,0.022795,0.317367,0.589571,0.783546,0.196116,19.775292
252,0.315237,0.023968,0.317994,0.526074,0.827517,0.196116,19.854078
253,0.313245,0.024982,0.318621,0.459312,0.866355,0.196116,19.932864
254,0.311188,0.025832,0.319248,0.389701,0.899817,0.196116,20.011650
255,0.309079,0.026514,0.319875,0.317673,0.927697,0.196116,20.090436
256,0.306933,0.027025,0.320502,0.243673,0.949822,0.196116,20.169222
257,0.304763,0.027363,0.321129,0.168162,0.966054,0.196116,20.248008
258,0.302583,0.027528,0.321755,0.091608,0.976292,0.196116,20.326794
259,0.300407,0.027521,0.322382,0.014485,0.980474,0.196116,20.405580
260,0.298247,0.027342,0.323009,-0.062728,0.978572,0.196116,20.484366
261,0.296119,0.026995,0.323636,-0.139551,0.970600,0.196116,20.563152
262,0.294034,0.026484,0.324263,-0.215509,0.956606,0.196116,20.641938
263,0.292005,0.025812,0.324890,-0.290130,0.936677,0.196116,20.720724
264,0.290045,0.024986,0.325517,-0.362950,0.910937,0.196116,20.799510
265,0.288164,0.024013,0.326144,-0.433519,0.879545,0.196116,20.878296
266,0.286375,0.022899,0.326771,-0.501399,0.842697,0.196116,20.957082
267,0.284688,0.021653,0.327398,-0.566167,0.800620,0.196116,21.035868
268,0.283111,0.020285,0.328025,-0.627424,0.753577,0.196116,21.114654
269,0.281655,0.018803,0.328652,-0.684787,0.701858,0.196116,21.193440
270,0.280326,0.017218,0.329279,-0.737902,0.645785,0.196116,21.272226
271,0.279133,0.015541,0.329906,-0.786440,0.585706,0.196116,21.351012
272,0.278080,0.013784,0.330533,-0.830098,0.521992,0.196116,21.429798
273,0.277174,0.011958,0.331160,-0.868606,0.455041,0.196116,21.508584
274,0.276419,0.010075,0.331787,-0.901725,0.385266,0.196116,21.587370
275,0.275819,0.008148,0.332414,-0.929250,0.313101,0.196116,21.666156
276,0.275374,0.006189,0.333041,-0.951010,0.238993,0.196116,21.744942
277,0.275087,0.004210,0.333668,-0.966870,0.163403,0.196116,21.823728
278,0.274958,0.002225,0.334295,-0.976731,0.086799,0.196116,21.902514
279,0.274986,0.000246,0.334922,-0.980533,0.009657,0.196116,21.981300
280,0.275169,-0.001715,0.335549,-0.978252,-0.067546,0.196116,22.060086
281,0.275505,-0.003645,0.336176,-0.969901,-0.144329,0.196116,22.138872
282,0.275990,-0.005533,0.336803,-0.955533,-0.220217,0.196116,22.217658
283,0.276619,-0.007368,0.337429,-0.935237,-0.294738,0.196116,22.296444
284,0.277388,-0.009139,0.338056,-0.909138,-0.367431,0.196116,22.375230
285,0.278290,-0.010834,0.338683,-0.877400,-0.437845,0.196116,22.454016
286,0.279317,-0.012444,0.339310,-0.840218,-0.505542,0.196116,22.532802
287,0.280463,-0.013961,0.339937,-0.797823,-0.570103,0.196116,22.611589
288,0.281718,-0.015374,0.340564,-0.750478,-0.631127,0.196116,22.690375
289,0.283074,-0.016678,0.341191,-0.698478,-0.688235,0.196116,22.769161
290,0.284521,-0.017863,0.341818,-0.642144,-0.741073,0.196116,22.847947
291,0.286050,-0.018925,0.342445,-0.581826,-0.789314,0.196116,22.926733
292,0.287649,-0.019858,0.343072,-0.517899,-0.832658,0.196116,23.005519
293,0.289308,-0.020657,0.343699,-0.450758,-0.870836,0.196116,23.084305
294,0.291015,-0.021319,0.344326,-0.380821,-0.903612,0.196116,23.163091
295,0.292761,-0.021841,0.344953,-0.308521,-0.930781,0.196116,23.241877
296,0.294532,-0.022221,0.345580,-0.234308,-0.952176,0.196116,23.320663
297,0.296318,-0.022459,0.346207,-0.158640,-0.967663,0.196116,23.399449
298,0.298108,-0.022554,0.346834,-0.081989,-0.977147,0.196116,23.478235
299,0.299889,-0.022508,0.347461,-0.004828,-0.980569,0.196116,23.557021
300,0.301652,-0.022321,0.348088,0.072362,-0.977907,0.196116,23.635807
301,0.303384,-0.021998,0.348715,0.149103,-0.969178,0.196116,23.714593
302,0.305076,-0.021542,0.349342,0.224919,-0.954437,0.196116,23.793379
303,0.306718,-0.020956,0.349969,0.299340,-0.933774,0.196116,23.872165
304,0.308299,-0.020246,0.350596,0.371904,-0.907318,0.196116,23.950951
305,0.309810,-0.019418,0.351223,0.442160,-0.875233,0.196116,24.029737
306,0.311243,-0.018479,0.351850,0.509673,-0.837718,0.196116,24.108523
307,0.312589,-0.017435,0.352476,0.574025,-0.795006,0.196116,24.187309
308,0.313841,-0.016294,0.353103,0.634814,-0.747361,0.196116,24.266095
309,0.314992,-0.015066,0.353730,0.691666,-0.695080,0.196116,24.344881
310,0.316036,-0.013757,0.354357,0.744226,-0.638487,0.196116,24.423667
311,0.316968,-0.012379,0.354984,0.792170,-0.577932,0.196116,24.502453
312,0.317782,-0.010939,0.355611,0.835198,-0.513792,0.196116,24.581239
313,0.318477,-0.009449,0.356238,0.873045,-0.446464,0.196116,24.660025
314,0.319047,-0.007917,0.356865,0.905476,-0.376367,0.196116,24.738811
315,0.319492,-0.006355,0.357492,0.932289,-0.303934,0.196116,24.817597
316,0.319810,-0.004771,0.358119,0.953318,-0.229616,0.196116,24.896383
317,0.320000,-0.003178,0.358746,0.968432,-0.153874,0.196116,24.975169
318,0.320063,-0.001584,0.359373,0.977539,-0.077176,0.196116,25.053955
319,0.320000,-0.000000,0.360000,0.980581,-0.000000,0.196116,25.132741
