index,time_from_start,joint1,joint2,joint3,joint4,joint5,joint6,velocity1,velocity2,velocity3,velocity4,velocity5,velocity6,acceleration1,acceleration2,acceleration3,acceleration4,acceleration5,acceleration6
0,0.000000,0.00000291,0.10271060,-0.49172648,0.00001955,0.38901588,-0.00001521,0.08093006,-0.01837104,0.00664291,-0.00000056,0.01172813,0.08093062,-0.00084469,-0.01525067,0.02098472,0.00000038,-0.00573405,-0.00084468
1,0.161861,0.01310235,0.09973704,-0.49065125,0.00001946,0.39091421,0.01308432,0.08079334,-0.02083954,0.01003952,-0.00000050,0.01080001,0.08079390,-0.00150627,-0.02307229,0.03155525,0.00000047,-0.00848296,-0.00150654
2,0.323175,0.02611327,0.09597579,-0.48848196,0.00001939,0.39250617,0.02609533,0.08044328,-0.02582742,0.01684077,-0.00000040,0.00898665,0.08044374,-0.00263746,-0.03131173,0.04229091,0.00000047,-0.01097927,-0.00263812
3,0.483634,0.03898680,0.09142648,-0.48523235,0.00001933,0.39380587,0.03896892,0.07994468,-0.03091480,0.02364758,-0.00000034,0.00726718,0.07994502,-0.00357398,-0.03216886,0.04259364,0.00000038,-0.01042478,-0.00357445
4,0.642951,0.05167766,0.08608998,-0.48092003,0.00001928,0.39483004,0.05165983,0.07930040,-0.03611425,0.03046119,-0.00000028,0.00565306,0.07930072,-0.00454568,-0.03327461,0.04310580,0.00000048,-0.00983100,-0.00454606
5,0.800830,0.06414060,0.07997117,-0.47557017,0.00001924,0.39559900,0.06412282,0.07850281,-0.04146938,0.03732059,-0.00000019,0.00414882,0.07850303,-0.00559321,-0.03465072,0.04382387,0.00000049,-0.00917325,-0.00559391
6,0.956953,0.07632772,0.07306850,-0.46920128,0.00001922,0.39613278,0.07630996,0.07754412,-0.04699466,0.04422199,-0.00000013,0.00277264,0.07754422,-0.00671971,-0.03628440,0.04469923,0.00000041,-0.00841504,-0.00672022
7,1.110993,0.08819191,0.06539517,-0.46185415,0.00001920,0.39645897,0.08817416,0.07641860,-0.05272345,0.05118463,-0.00000007,0.00153879,0.07641867,-0.00793803,-0.03833837,0.04591308,0.00000042,-0.00757450,-0.00793823
8,1.262608,0.09968548,0.05695329,-0.45355642,0.00001920,0.39660312,0.09966774,0.07511782,-0.05871299,0.05825557,0.00000000,0.00045745,0.07511786,-0.00930344,-0.04087303,0.04748135,0.00000022,-0.00660821,-0.00930377
9,1.411439,0.11076073,0.04775511,-0.44435152,0.00001920,0.39659641,0.11074299,0.07362342,-0.06500358,0.06545019,0.00000000,-0.00044662,0.07362339,-0.01550998,-0.03944746,0.04485899,0.00000012,-0.00541176,-0.01551020
10,1.557067,0.12136455,0.03781241,-0.43428403,0.00001920,0.39647161,0.12134680,0.07055077,-0.07032864,0.07146470,0.00000003,-0.00113609,0.07055074,-0.02855590,-0.02904370,0.03277635,0.00000023,-0.00373265,-0.02855601
11,1.704603,0.13144369,0.02713727,-0.42340063,0.00001921,0.39626335,0.13142594,0.06525186,-0.07351815,0.07505904,0.00000007,-0.00154089,0.06525179,-0.03737457,-0.01820018,0.02000923,0.00000021,-0.00180894,-0.03737478
12,1.857217,0.14094991,0.01574592,-0.41175504,0.00001922,0.39600911,0.14093214,0.05933279,-0.07579143,0.07747047,0.00000010,-0.00167904,0.05933269,-0.03766395,-0.01472454,0.01476989,0.00000009,-0.00004535,-0.03766394
13,2.014417,0.14982582,0.00365602,-0.39939919,0.00001924,0.39574316,0.14980804,0.05358304,-0.07808002,0.07963496,0.00000009,-0.00155494,0.05358297,-0.03574580,-0.01438077,0.01278826,-0.00000021,0.00159250,-0.03574569
14,2.175705,0.15801543,-0.00912158,-0.38639231,0.00001925,0.39551388,0.15799764,0.04794820,-0.08037153,0.08154337,0.00000003,-0.00117185,0.04794814,-0.03445788,-0.01400701,0.01096892,-0.00000029,0.00303809,-0.03445777
15,2.340552,0.16546339,-0.02255592,-0.37280507,0.00001925,0.39536098,0.16544559,0.04234513,-0.08264819,0.08321231,0.00000000,-0.00056412,0.04234510,-0.03397062,-0.01313195,0.00879693,-0.00000009,0.00433502,-0.03397035
16,2.508525,0.17210873,-0.03662854,-0.35869760,0.00001925,0.39532613,0.17209093,0.03664210,-0.08474210,0.08447117,0.00000000,0.00027093,0.03664213,-0.03399073,-0.01142065,0.00584095,-0.00000017,0.00557970,-0.03399047
17,2.679897,0.17789771,-0.05131274,-0.34414019,0.00001925,0.39545292,0.17787992,0.03081054,-0.08652373,0.08519441,-0.00000006,0.00132932,0.03081060,-0.03403568,-0.00977099,0.00305388,-0.00000033,0.00671703,-0.03403536
18,2.854588,0.18277112,-0.06657121,-0.32921496,0.00001923,0.39578616,0.18275334,0.02486361,-0.08812348,0.08552800,-0.00000011,0.00259545,0.02486375,-0.03399138,-0.00871118,0.00097921,-0.00000031,0.00773189,-0.03399099
19,3.032364,0.18666131,-0.08237335,-0.31399440,0.00001921,0.39636773,0.18664357,0.01882970,-0.08959413,0.08553954,-0.00000017,0.00405456,0.01882990,-0.03390040,-0.00780596,-0.00084583,-0.00000045,0.00865188,-0.03390003
20,3.212942,0.18951883,-0.09867768,-0.29856147,0.00001917,0.39723913,0.18950112,0.01271525,-0.09092078,0.08522489,-0.00000027,0.00569589,0.01271552,-0.03400022,-0.00686108,-0.00262384,-0.00000051,0.00948508,-0.03399971
21,3.396030,0.19128541,-0.11543813,-0.28300102,0.00001911,0.39843913,0.19126777,0.00646498,-0.09208927,0.08458534,-0.00000035,0.00750396,0.00646536,-0.03429899,-0.00587435,-0.00434468,-0.00000042,0.01021910,-0.03429850
22,3.581287,0.19190017,-0.13259824,-0.26740494,0.00001904,0.40000317,0.19188260,0.00008141,-0.09308456,0.08362455,-0.00000043,0.00946004,0.00008186,-0.03463297,-0.00483799,-0.00600593,-0.00000041,0.01084378,-0.03463241
23,3.768359,0.19131572,-0.15009625,-0.25186514,0.00001895,0.40196138,0.19129825,-0.00642989,-0.09389060,0.08234916,-0.00000051,0.01154141,-0.00642930,-0.03507117,-0.00372724,-0.00762428,-0.00000048,0.01135145,-0.03507062
24,3.956844,0.18948538,-0.16785952,-0.23647813,0.00001885,0.40433763,0.18946803,-0.01308982,-0.09448435,0.08076120,-0.00000061,0.01372316,-0.01308916,-0.03568733,-0.00251588,-0.00921800,-0.00000054,0.01173402,-0.03568693
25,4.146294,0.18636862,-0.18580519,-0.22134266,0.00001872,0.40714784,0.18635140,-0.01991738,-0.09484144,0.07886535,-0.00000071,0.01597611,-0.01991664,-0.03646432,-0.00117684,-0.01080361,-0.00000048,0.01198045,-0.03646384
26,4.336209,0.18192942,-0.20383906,-0.20655936,0.00001858,0.41039841,0.18191235,-0.02692311,-0.09493081,0.07666268,-0.00000079,0.01826812,-0.02692227,-0.03735416,0.00033680,-0.01241964,-0.00000042,0.01208271,-0.03735361
27,4.526017,0.17614529,-0.22185262,-0.19223206,0.00001842,0.41408467,0.17612839,-0.03410162,-0.09471355,0.07414933,-0.00000087,0.02056420,-0.03410067,-0.03845719,0.00208043,-0.01411251,-0.00000037,0.01203208,-0.03845661
28,4.715062,0.16900993,-0.23972154,-0.17846769,0.00001825,0.41818921,0.16899322,-0.04149272,-0.09414263,0.07131612,-0.00000093,0.02282651,-0.04149166,-0.03988361,0.00406294,-0.01588111,-0.00000032,0.01181830,-0.03988322
29,4.902581,0.16052061,-0.25730338,-0.16537695,0.00001807,0.42268032,0.16050411,-0.04912037,-0.09318359,0.06816907,-0.00000099,0.02501455,-0.04911927,-0.04165350,0.00632338,-0.01775880,-0.00000036,0.01143542,-0.04165328
30,5.087782,0.15070179,-0.27445292,-0.15305972,0.00001788,0.42751263,0.15068549,-0.05701781,-0.09178578,0.06469707,-0.00000106,0.02708872,-0.05701667,-0.04395209,0.00895756,-0.01985013,-0.00000040,0.01089250,-0.04395175
31,5.269695,0.13958859,-0.29099920,-0.14162577,0.00001768,0.43262496,0.13957251,-0.06525578,-0.08989515,0.06088181,-0.00000114,0.02901333,-0.06525456,-0.04703123,0.01205721,-0.02226126,-0.00000031,0.01020405,-0.04703083
32,5.447311,0.12724043,-0.30677285,-0.13117093,0.00001747,0.43794377,0.12722457,-0.07392691,-0.08745086,0.05669349,-0.00000117,0.03075737,-0.07392562,-0.04755250,0.01951382,-0.02747598,-0.00000008,0.00796215,-0.04755217
33,5.619412,0.11373513,-0.32158221,-0.12179912,0.00001727,0.44338132,0.11371950,-0.08188568,-0.08307084,0.05127301,-0.00000117,0.03179783,-0.08188434,-0.03723339,0.03633331,-0.03787441,0.00000014,0.00154109,-0.03723352
34,5.790066,0.09917369,-0.33524581,-0.11359684,0.00001707,0.44884264,0.09915829,-0.08668885,-0.07499743,0.04371185,-0.00000112,0.03128559,-0.08668761,-0.02090028,0.05213559,-0.04611402,0.00000037,-0.00602149,-0.02090092
35,5.966084,0.08368250,-0.34758175,-0.10664543,0.00001688,0.45422717,0.08366730,-0.08913123,-0.06499687,0.03528655,-0.00000104,0.02971034,-0.08913011,-0.01237129,0.05632288,-0.04658470,0.00000046,-0.00973818,-0.01237176
36,6.146536,0.06740110,-0.35841523,-0.10101825,0.00001670,0.45943348,0.06738610,-0.09109884,-0.05492003,0.02710581,-0.00000096,0.02781422,-0.09109777,-0.00944106,0.05544089,-0.04436709,0.00000048,-0.01107395,-0.00944147
37,6.330447,0.05048950,-0.36759255,-0.09676909,0.00001653,0.46436163,0.05047469,-0.09257120,-0.04479629,0.01912085,-0.00000086,0.02567541,-0.09257023,-0.00658205,0.05491302,-0.04282661,0.00000057,-0.01208640,-0.00658263
38,6.516804,0.03312489,-0.37500189,-0.09393840,0.00001638,0.46894028,0.03311025,-0.09353596,-0.03458746,0.01124846,-0.00000075,0.02333901,-0.09353511,-0.00376976,0.05478700,-0.04187552,0.00000053,-0.01291133,-0.00377044
39,6.704585,0.01549410,-0.38053305,-0.09256061,0.00001625,0.47309365,0.01547961,-0.09398161,-0.02429837,0.00345360,-0.00000067,0.02084479,-0.09398089,-0.00100990,0.05476395,-0.04132752,0.00000043,-0.01343635,-0.00101048
40,6.892730,-0.00220525,-0.38413628,-0.09264010,0.00001613,0.47677638,-0.00221962,-0.09391561,-0.01400027,-0.00428764,-0.00000059,0.01828793,-0.09391497,0.00171213,0.05479841,-0.04122152,0.00000049,-0.01357695,0.00171179
41,7.080246,-0.01978637,-0.38579241,-0.09417131,0.00001603,0.47996372,-0.01980062,-0.09333843,-0.00371272,-0.01203173,-0.00000048,0.01574445,-0.09333784,0.00448071,0.05490169,-0.04155505,0.00000048,-0.01334672,0.00448023
42,7.266077,-0.03705279,-0.38552241,-0.09713210,0.00001595,0.48265451,-0.03706694,-0.09224276,0.00649707,-0.01980205,-0.00000041,0.01330499,-0.09224230,0.00726788,0.05500949,-0.04228003,0.00000041,-0.01272946,0.00726725
43,7.449198,-0.05381944,-0.38339531,-0.10147730,0.00001588,0.48487261,-0.05383352,-0.09065694,0.01658309,-0.02763100,-0.00000033,0.01104790,-0.09065658,0.01004715,0.05533415,-0.04355733,0.00000042,-0.01177683,0.01004674
44,7.628668,-0.06992418,-0.37950953,-0.10715085,0.00001583,0.48666038,-0.06993820,-0.08859975,0.02656073,-0.03559555,-0.00000025,0.00903482,-0.08859944,0.01294817,0.05598335,-0.04550116,0.00000028,-0.01048219,0.01294789
45,7.803537,-0.08521381,-0.37398380,-0.11409020,0.00001579,0.48807400,-0.08522778,-0.08606890,0.03642019,-0.04375384,-0.00000023,0.00733365,-0.08606863,0.01597926,0.05697831,-0.04815325,0.00000021,-0.00882505,0.01597897
46,7.972854,-0.09954789,-0.36697421,-0.12221031,0.00001575,0.48918452,-0.09956182,-0.08309991,0.04617187,-0.05216922,-0.00000018,0.00599736,-0.08309970,0.01915284,0.05859358,-0.05177139,0.00000032,-0.00682218,0.01915253
47,8.135815,-0.11282609,-0.35864190,-0.13142489,0.00001573,0.49006679,-0.11283999,-0.07970483,0.05588955,-0.06095634,-0.00000013,0.00506679,-0.07970467,0.02371949,0.06035531,-0.05582064,0.00000015,-0.00453457,0.02371924
48,8.291507,-0.12494611,-0.34916481,-0.14163426,0.00001571,0.49079907,-0.12495999,-0.07554161,0.06540430,-0.06995666,-0.00000013,0.00455240,-0.07554148,0.03938750,0.05140348,-0.04888726,-0.00000002,-0.00251612,0.03938741
49,8.440575,-0.13584816,-0.33870928,-0.15274489,0.00001569,0.49145418,-0.13586202,-0.06770109,0.07155528,-0.07585523,-0.00000013,0.00429998,-0.06770096,0.05976240,0.02812310,-0.02735021,0.00000001,-0.00077300,0.05976250
50,8.594839,-0.14548201,-0.32745981,-0.16464357,0.00001567,0.49210339,-0.14549585,-0.05741377,0.07393493,-0.07825286,-0.00000013,0.00431792,-0.05741361,0.06338568,0.01277808,-0.01406586,-0.00000008,0.00128767,0.06338586
51,8.753524,-0.15381574,-0.31557142,-0.17723404,0.00001565,0.49280547,-0.15382955,-0.04786460,0.07555417,-0.08025712,-0.00000016,0.00470295,-0.04786442,0.05754631,0.00800866,-0.01131261,-0.00000008,0.00330396,0.05754638
52,8.915827,-0.16084596,-0.30320785,-0.19040512,0.00001562,0.49361298,-0.16085974,-0.03894211,0.07650561,-0.08188406,-0.00000015,0.00537845,-0.03894193,0.05291230,0.00413553,-0.00890846,-0.00000008,0.00477293,0.05291237
53,9.081034,-0.16656969,-0.29051503,-0.20405193,0.00001560,0.49456697,-0.16658344,-0.03053527,0.07690860,-0.08317473,-0.00000018,0.00626614,-0.03053506,0.04905347,0.00100840,-0.00680491,-0.00000026,0.00579651,0.04905364
54,9.248510,-0.17100454,-0.27762163,-0.21807598,0.00001556,0.49569762,-0.17101825,-0.02262283,0.07684109,-0.08414794,-0.00000024,0.00730686,-0.02262259,0.04575070,-0.00160650,-0.00488607,-0.00000016,0.00649257,0.04575086
55,9.417618,-0.17418417,-0.26465156,-0.23237477,0.00001552,0.49702634,-0.17419784,-0.01513632,0.07636788,-0.08481931,-0.00000024,0.00845143,-0.01513606,0.04303668,-0.00380913,-0.00311846,-0.00000008,0.00692759,0.04303684
56,9.587784,-0.17613990,-0.25171200,-0.24685296,0.00001548,0.49856497,-0.17615352,-0.00802161,0.07554875,-0.08520596,-0.00000026,0.00965721,-0.00802132,0.04068781,-0.00567080,-0.00148244,-0.00000025,0.00715324,0.04068806
57,9.758441,-0.17691812,-0.23890280,-0.26141493,0.00001543,0.50031774,-0.17693169,-0.00126898,0.07443514,-0.08532456,-0.00000032,0.01088942,-0.00126863,0.03870890,-0.00727024,0.00005343,-0.00000026,0.00721681,0.03870916
58,9.929082,-0.17657300,-0.22630742,-0.27597408,0.00001537,0.50228151,-0.17658650,0.00518967,0.07306743,-0.08518772,-0.00000035,0.01212029,0.00519005,0.03712149,-0.00869126,0.00153036,-0.00000009,0.00716090,0.03712166
59,10.099192,-0.17514974,-0.21400507,-0.29044265,0.00001531,0.50444773,-0.17516318,0.01138017,0.07147359,-0.08480309,-0.00000035,0.01332950,0.01138058,0.03578800,-0.00997134,0.00295627,-0.00000010,0.00701499,0.03578827
60,10.268292,-0.17271274,-0.20206291,-0.30474008,0.00001525,0.50680300,-0.17272610,0.01732929,0.06968506,-0.08418493,-0.00000039,0.01449984,0.01732977,0.03475328,-0.01113934,0.00436954,-0.00000020,0.00676972,0.03475348
61,10.435925,-0.16931439,-0.19053979,-0.31879052,0.00001518,0.50933031,-0.16932767,0.02308276,0.06772260,-0.08333172,-0.00000042,0.01560909,0.02308324,0.03401621,-0.01230529,0.00578283,-0.00000021,0.00652264,0.03401633
62,10.601607,-0.16501890,-0.17948992,-0.33251583,0.00001511,0.51200575,-0.16503210,0.02866742,0.06558351,-0.08225742,-0.00000046,0.01667394,0.02866794,0.03357919,-0.01352039,0.00719255,-0.00000023,0.00632803,0.03357942
63,10.764938,-0.15988244,-0.16896197,-0.34585427,0.00001503,0.51481625,-0.15989555,0.03413074,0.06327422,-0.08096528,-0.00000049,0.01769109,0.03413130,0.03349255,-0.01473125,0.00867193,-0.00000005,0.00605913,0.03349270
64,10.925444,-0.15396612,-0.15899942,-0.35873534,0.00001495,0.51773477,-0.15397914,0.03951353,0.06081300,-0.07944913,-0.00000047,0.01863610,0.03951409,0.03375701,-0.01598638,0.01022028,0.00000004,0.00576601,0.03375709
65,11.082701,-0.14732649,-0.14963783,-0.37110029,0.00001488,0.52073812,-0.14733942,0.04485749,0.05819433,-0.07771765,-0.00000048,0.01952331,0.04485806,0.03444911,-0.01740066,0.01185554,-0.00000018,0.00554533,0.03444919
66,11.236270,-0.14002321,-0.14091106,-0.38289207,0.00001480,0.52380314,-0.14003605,0.05022123,0.05540440,-0.07576411,-0.00000053,0.02035974,0.05022183,0.03564260,-0.01900440,0.01362285,-0.00000020,0.00538144,0.03564271
67,11.385701,-0.13210946,-0.13285030,-0.39405681,0.00001472,0.52690712,-0.13212221,0.05565719,0.05243600,-0.07358992,-0.00000054,0.02115389,0.05565780,0.03740758,-0.02085085,0.01555137,-0.00000012,0.00529937,0.03740783
68,11.530559,-0.12364393,-0.12547974,-0.40454875,0.00001464,0.53002849,-0.12365659,0.06122986,0.04926824,-0.07118752,-0.00000056,0.02191929,0.06123053,0.03753132,-0.02475478,0.02025739,-0.00000012,0.00449751,0.03753145
69,11.670361,-0.11467975,-0.11882559,-0.41432107,0.00001456,0.53314667,-0.11469231,0.06634087,0.04538930,-0.06782345,-0.00000058,0.02243415,0.06634152,0.02921125,-0.03359834,0.03261062,0.00000008,0.00098759,0.02921106
70,11.807569,-0.10526686,-0.11290646,-0.42333651,0.00001448,0.53624297,-0.10527934,0.06932167,0.03996117,-0.06215406,-0.00000054,0.02219286,0.06932228,0.01553299,-0.04183758,0.04540946,0.00000030,-0.00357189,0.01553282
71,11.947621,-0.09545963,-0.10774596,-0.43155390,0.00001441,0.53929986,-0.09547202,0.07064754,0.03378941,-0.05523322,-0.00000050,0.02144381,0.07064814,0.00870347,-0.04300223,0.04835714,0.00000019,-0.00535478,0.00870327
72,12.090140,-0.08530391,-0.10335855,-0.43894382,0.00001434,0.54230237,-0.08531622,0.07178101,0.02780998,-0.04848973,-0.00000049,0.02067975,0.07178157,0.00725352,-0.04111464,0.04645980,0.00000005,-0.00534528,0.00725334
73,12.234732,-0.07485049,-0.09976140,-0.44547585,0.00001427,0.54523725,-0.07486272,0.07273011,0.02198494,-0.04189409,-0.00000048,0.01990912,0.07273066,0.00593943,-0.03967742,0.04497778,0.00000016,-0.00530037,0.00593939
74,12.381052,-0.06414582,-0.09696286,-0.45113133,0.00001420,0.54809418,-0.06415797,0.07350887,0.01626733,-0.03540514,-0.00000044,0.01913781,0.07350941,0.00475200,-0.03869631,0.04392263,0.00000015,-0.00522597,0.00475185
75,12.528764,-0.05323660,-0.09497830,-0.45588606,0.00001414,0.55086436,-0.05324867,0.07412735,0.01060702,-0.02897948,-0.00000044,0.01837252,0.07412785,0.00362619,-0.03795620,0.04304536,0.00000013,-0.00508917,0.00362594
76,12.677560,-0.04216651,-0.09381780,-0.45972396,0.00001407,0.55354177,-0.04217851,0.07458406,0.00501303,-0.02264187,-0.00000040,0.01762883,0.07458453,0.00256520,-0.03743277,0.04232347,0.00000024,-0.00489103,0.00256508
77,12.827100,-0.03098547,-0.09348273,-0.46264095,0.00001402,0.55612368,-0.03099740,0.07489264,-0.00056053,-0.01635285,-0.00000037,0.01691335,0.07489311,0.00158530,-0.03724586,0.04189401,0.00000012,-0.00464815,0.00158518
78,12.977131,-0.01973080,-0.09398572,-0.46462281,0.00001396,0.55860853,-0.01974266,0.07505897,-0.00614477,-0.01009161,-0.00000037,0.01623638,0.07505941,0.00059907,-0.03726698,0.04159254,0.00000011,-0.00432544,0.00059885
79,13.127337,-0.00844995,-0.09532762,-0.46567083,0.00001391,0.56099845,-0.00846175,0.07507250,-0.01174948,-0.00386521,-0.00000033,0.01561469,0.07507290,-0.00036952,-0.03746012,0.04138163,0.00000011,-0.00392151,-0.00036963
80,13.277423,0.00281284,-0.09751399,-0.46578350,0.00001386,0.56329749,0.00280110,0.07494801,-0.01739373,0.00233494,-0.00000033,0.01505878,0.07494841,-0.00131331,-0.03785619,0.04129240,-0.00000001,-0.00343621,-0.00131341
81,13.427130,0.01401895,-0.10054214,-0.46497083,0.00001381,0.56551297,0.01400727,0.07467878,-0.02309851,0.00851397,-0.00000033,0.01458454,0.07467915,-0.00228746,-0.03850229,0.04135628,-0.00000001,-0.00285399,-0.00228756
82,13.576138,0.02512051,-0.10441386,-0.46324025,0.00001376,0.56765411,0.02510888,0.07426471,-0.02889494,0.01468868,-0.00000034,0.01420625,0.07426508,-0.00326733,-0.03940230,0.04157198,0.00000010,-0.00216967,-0.00326732
83,13.724188,0.03607982,-0.10912559,-0.46060745,0.00001371,0.56973304,0.03606825,0.07370820,-0.03480325,0.02086323,-0.00000031,0.01394002,0.07370857,-0.00430962,-0.04056236,0.04191917,0.00000021,-0.00135681,-0.00430983
84,13.870967,0.04685181,-0.11467486,-0.45708917,0.00001367,0.57176403,0.04684029,0.07299411,-0.04085389,0.02704766,-0.00000027,0.01380622,0.07299442,-0.00542590,-0.04201997,0.04246515,0.00000010,-0.00044529,-0.00542599
85,14.016157,0.05739184,-0.12105366,-0.45271037,0.00001363,0.57376403,0.05738036,0.07212400,-0.04707178,0.03326173,-0.00000028,0.01381001,0.07212435,-0.00657717,-0.04385764,0.04319062,-0.00000003,0.00066689,-0.00657690
86,14.159452,0.06765850,-0.12825436,-0.44749366,0.00001359,0.57574801,0.06764708,0.07109670,-0.05350616,0.03950751,-0.00000028,0.01399861,0.07109708,-0.00784441,-0.04622557,0.04415267,-0.00000016,0.00207302,-0.00784437
87,14.300528,0.07760968,-0.13626926,-0.44147558,0.00001355,0.57774483,0.07759831,0.06989328,-0.06021699,0.04581747,-0.00000032,0.01439952,0.06989364,-0.01204603,-0.04647985,0.04345116,-0.00000016,0.00302882,-0.01204613
88,14.439002,0.08719719,-0.14508804,-0.43468537,0.00001350,0.57977340,0.08718587,0.06772922,-0.06649961,0.05165429,-0.00000032,0.01484532,0.06772958,-0.02359528,-0.03782727,0.03550399,0.00000014,0.00232328,-0.02359530
89,14.577624,0.09637718,-0.15469604,-0.42716238,0.00001346,0.58185841,0.09636591,0.06335512,-0.07069878,0.05565549,-0.00000028,0.01504329,0.06335547,-0.03499426,-0.02421702,0.02312327,0.00000006,0.00109387,-0.03499433
90,14.721692,0.10510706,-0.16507389,-0.41895211,0.00001342,0.58402599,0.10509584,0.05783669,-0.07334553,0.05819101,-0.00000031,0.01515455,0.05783703,-0.03700786,-0.01754593,0.01609459,-0.00000016,0.00145134,-0.03700772
91,14.870915,0.11334019,-0.17620766,-0.41009545,0.00001337,0.58630311,0.11332902,0.05250103,-0.07584485,0.06037590,-0.00000033,0.01546896,0.05250142,-0.03470772,-0.01595772,0.01325129,-0.00000004,0.00270621,-0.03470747
92,15.024994,0.12103071,-0.18807776,-0.40064000,0.00001332,0.58871775,0.12101961,0.04730978,-0.07818553,0.06221015,-0.00000032,0.01597535,0.04731020,-0.03294360,-0.01451322,0.01071041,-0.00000004,0.00380281,-0.03294367
93,15.183592,0.12813286,-0.20065446,-0.39064378,0.00001327,0.59129823,0.12812182,0.04220033,-0.08038280,0.06372479,-0.00000034,0.01665801,0.04220070,-0.03159270,-0.01321295,0.00845714,-0.00000004,0.00475600,-0.03159277
94,15.346468,0.13459703,-0.21391876,-0.38015412,0.00001321,0.59407287,0.13458605,0.03715354,-0.08243315,0.06492890,-0.00000033,0.01750428,0.03715393,-0.03055545,-0.01196756,0.00637130,-0.00000004,0.00559626,-0.03055523
95,15.513278,0.14038185,-0.22783149,-0.36923765,0.00001316,0.59706914,0.14037094,0.03212664,-0.08432833,0.06582532,-0.00000036,0.01850301,0.03212708,-0.02978966,-0.01081070,0.00448217,-0.00000013,0.00632836,-0.02978937
96,15.683742,0.14543250,-0.24236049,-0.35795297,0.00001309,0.60031345,0.14542167,0.02710627,-0.08607932,0.06644062,-0.00000038,0.01963867,0.02710676,-0.02919292,-0.00970084,0.00274268,-0.00000013,0.00695816,-0.02919280
97,15.857562,0.14971412,-0.25746727,-0.34636317,0.00001303,0.60383043,0.14970338,0.02207597,-0.08766818,0.06676958,-0.00000040,0.02089860,0.02207645,-0.02886592,-0.00860862,0.00111304,-0.00000012,0.00749566,-0.02886596
98,16.034389,0.15317337,-0.27310107,-0.33454042,0.00001295,0.60764148,0.15316271,0.01698452,-0.08909791,0.06683091,-0.00000042,0.02226700,0.01698500,-0.02867767,-0.00752450,-0.00041154,-0.00000012,0.00793604,-0.02867747
99,16.213933,0.15576691,-0.28921917,-0.32254658,0.00001288,0.61176574,0.15575634,0.01185608,-0.09034969,0.06662292,-0.00000044,0.02372677,0.01185663,-0.02851526,-0.00639944,-0.00188276,-0.00000012,0.00828220,-0.02851499
100,16.395773,0.15745797,-0.30575202,-0.31046395,0.00001279,0.61621596,0.15744751,0.00667956,-0.09141056,0.06615051,-0.00000046,0.02526006,0.00668014,-0.02856600,-0.00526852,-0.00326060,-0.00000005,0.00852912,-0.02856596
101,16.579565,0.15820917,-0.32264178,-0.29835985,0.00001271,0.62100162,0.15819881,0.00141144,-0.09227603,0.06543074,-0.00000046,0.02684529,0.00141201,-0.02882436,-0.00407297,-0.00459729,-0.00000013,0.00867026,-0.02882424
102,16.764871,0.15797893,-0.33981091,-0.28631360,0.00001262,0.62612450,0.15796868,-0.00395945,-0.09291389,0.06445365,-0.00000051,0.02846023,-0.00395883,-0.02911968,-0.00278559,-0.00591849,-0.00000020,0.00870408,-0.02911948
103,16.951218,0.15673763,-0.35717347,-0.27440548,0.00001252,0.63157894,0.15672750,-0.00941097,-0.09331130,0.06323112,-0.00000054,0.03008018,-0.00941032,-0.02951948,-0.00142461,-0.00719776,-0.00000006,0.00862236,-0.02951941
104,17.138115,0.15446634,-0.37463883,-0.26271294,0.00001242,0.63735176,0.15445633,-0.01497743,-0.09344561,0.06176713,-0.00000054,0.03167848,-0.01497679,-0.03013902,0.00006104,-0.00848030,-0.00000000,0.00841926,-0.03013895
105,17.325000,0.15113933,-0.39210180,-0.25131801,0.00001232,0.64341980,0.15112944,-0.02067640,-0.09328848,0.06006133,-0.00000054,0.03322716,-0.02067573,-0.03090008,0.00170099,-0.00978950,-0.00000008,0.00808851,-0.03089985
106,17.511268,0.14675088,-0.40944970,-0.24030088,0.00001222,0.64975057,0.14674112,-0.02650788,-0.09281088,0.05811415,-0.00000057,0.03469673,-0.02650716,-0.03187103,0.00349886,-0.01112653,-0.00000009,0.00762767,-0.03187079
107,17.696239,0.14129857,-0.42655682,-0.22974377,0.00001211,0.65630058,0.14128895,-0.03250817,-0.09198957,0.05593073,-0.00000057,0.03605884,-0.03250741,-0.03315767,0.00550912,-0.01253904,-0.00000003,0.00703000,-0.03315770
108,17.879216,0.13478958,-0.44329703,-0.21972131,0.00001201,0.66301833,0.13478010,-0.03870816,-0.09078382,0.05350044,-0.00000058,0.03728340,-0.03870745,-0.03477745,0.00780928,-0.01409910,-0.00000005,0.00628982,-0.03477754
109,18.059352,0.12724313,-0.45952161,-0.21031706,0.00001190,0.66983867,0.12723377,-0.04513632,-0.08915392,0.05081116,-0.00000059,0.03834276,-0.04513559,-0.03682311,0.01042976,-0.01581127,0.00000001,0.00538143,-0.03682302
110,18.235793,0.11869499,-0.47508730,-0.20160320,0.00001180,0.67669049,0.11868577,-0.05183845,-0.08706480,0.04786250,-0.00000057,0.03920230,-0.05183771,-0.03954695,0.01339436,-0.01777027,-0.00000001,0.00437600,-0.03954692
111,18.407548,0.10919318,-0.48983724,-0.19365152,0.00001170,0.68348876,0.10918408,-0.05890642,-0.08449006,0.04462362,-0.00000059,0.03986647,-0.05890568,-0.04327461,0.01682258,-0.02014342,-0.00000003,0.00332083,-0.04327455
112,18.573659,0.09879252,-0.50363361,-0.18652640,0.00001160,0.69016001,0.09878355,-0.06645947,-0.08138103,0.04105673,-0.00000058,0.04032429,-0.06645870,-0.04590811,0.02354555,-0.02429912,0.00000015,0.00075337,-0.04590814
113,18.732929,0.08756858,-0.51631702,-0.18029247,0.00001151,0.69660949,0.08755973,-0.07384401,-0.07682880,0.03671717,-0.00000054,0.04011160,-0.07384328,-0.03786055,0.04081362,-0.03325534,0.00000023,-0.00755828,-0.03786086
114,18.887564,0.07561250,-0.52775057,-0.17500069,0.00001143,0.70275125,0.07560376,-0.07834409,-0.06856942,0.03061770,-0.00000051,0.03795171,-0.07834342,-0.02018786,0.05998350,-0.04176512,0.00000024,-0.01821828,-0.02018831
115,19.046253,0.06302150,-0.53780146,-0.17069921,0.00001135,0.70850067,0.06301286,-0.08016935,-0.05803453,0.02363115,-0.00000047,0.03440338,-0.08016876,-0.01012383,0.06546439,-0.04295654,0.00000035,-0.02250794,-0.01012420
116,19.208208,0.04990667,-0.54635900,-0.16742350,0.00001128,0.71378249,0.04989812,-0.08159024,-0.04757864,0.01684394,-0.00000040,0.03073467,-0.08158969,-0.00744542,0.06392820,-0.04115484,0.00000041,-0.02277335,-0.00744584
117,19.372595,0.03639511,-0.55332841,-0.16520231,0.00001122,0.71853071,0.03638665,-0.08259911,-0.03717202,0.01020057,-0.00000033,0.02697146,-0.08259866,-0.00488882,0.06289846,-0.03992555,0.00000030,-0.02297272,-0.00488931
118,19.538597,0.02261687,-0.55864021,-0.16405335,0.00001117,0.72269355,0.02260847,-0.08320545,-0.02679772,0.00365300,-0.00000030,0.02314475,-0.08320506,-0.00241066,0.06223464,-0.03918152,0.00000028,-0.02305312,-0.00241094
119,19.705415,0.00870269,-0.56224722,-0.16398652,0.00001112,0.72623374,0.00869436,-0.08340142,-0.01645910,-0.00283982,-0.00000024,0.01929892,-0.08340106,0.00007483,0.06171191,-0.03879444,0.00000036,-0.02291756,0.00007438
120,19.872203,-0.00520632,-0.56413106,-0.16500073,0.00001109,0.72913178,-0.00521460,-0.08318049,-0.00621027,-0.00928905,-0.00000018,0.01549932,-0.08318025,0.00256188,0.06136060,-0.03878381,0.00000027,-0.02257670,0.00256126
121,20.038135,-0.01897310,-0.56431350,-0.16707717,0.00001106,0.73139067,-0.01898135,-0.08254904,0.00395678,-0.01574396,-0.00000015,0.01178721,-0.08254888,0.00504593,0.06136633,-0.03926905,0.00000017,-0.02209737,0.00504567
122,20.202390,-0.03246299,-0.56282458,-0.17019919,0.00001104,0.73302377,-0.03247122,-0.08151438,0.01405213,-0.02225520,-0.00000012,0.00820304,-0.08151423,0.00755764,0.06156421,-0.04015781,0.00000027,-0.02140639,0.00755746
123,20.364174,-0.04554995,-0.55973196,-0.17433323,0.00001102,0.73406518,-0.04555815,-0.08008495,0.02402910,-0.02883696,-0.00000006,0.00480789,-0.08008486,0.01011391,0.06200754,-0.04149813,0.00000038,-0.02050931,0.01011343
124,20.522697,-0.05811473,-0.55512790,-0.17943586,0.00001102,0.73456377,-0.05812293,-0.07827483,0.03391356,-0.03554733,0.00000000,0.00163377,-0.07827483,0.01275632,0.06299156,-0.04350394,0.00000020,-0.01948783,0.01275602
125,20.677222,-0.07005375,-0.54911538,-0.18546126,0.00001102,0.73457663,-0.07006195,-0.07609161,0.04374850,-0.04245580,0.00000000,-0.00129274,-0.07609161,0.01557746,0.06459952,-0.04628003,0.00000011,-0.01831938,0.01557724
126,20.826989,-0.08126880,-0.54181558,-0.19235482,0.00001102,0.73417040,-0.08127700,-0.07353473,0.05357068,-0.04962997,0.00000003,-0.00394067,-0.07353480,0.01858666,0.06694660,-0.04995806,0.00000036,-0.01698842,0.01858618
127,20.971258,-0.09167564,-0.53336365,-0.20005428,0.00001103,0.73341793,-0.09168386,-0.07062645,0.06343324,-0.05714529,0.00000011,-0.00628795,-0.07062660,0.03243344,0.05895498,-0.04469963,0.00000026,-0.01425547,0.03243318
128,21.109360,-0.10121171,-0.52390383,-0.20849103,0.00001105,0.73239486,-0.10121995,-0.06437645,0.07021789,-0.06225188,0.00000011,-0.00796601,-0.06437659,0.05346248,0.03440571,-0.02551472,-0.00000001,-0.00889111,0.05346249
129,21.253100,-0.10981958,-0.51357335,-0.21759943,0.00001106,0.73117278,-0.10982784,-0.05555852,0.07313019,-0.06433639,0.00000010,-0.00879384,-0.05555866,0.05796365,0.01745108,-0.01337306,-0.00000002,-0.00407801,0.05796368
130,21.401797,-0.11745906,-0.50251788,-0.22730535,0.00001108,0.72982322,-0.11746734,-0.04742575,0.07532123,-0.06616266,0.00000010,-0.00915857,-0.04742588,0.05201637,0.01287390,-0.01165822,-0.00000002,-0.00121546,0.05201639
131,21.554336,-0.12410592,-0.49088389,-0.23753000,0.00001109,0.72841389,-0.12411422,-0.03988932,0.07700827,-0.06784826,0.00000010,-0.00915997,-0.03988945,0.04751522,0.00949847,-0.01046461,0.00000009,0.00096614,0.04751513
132,21.709802,-0.12974518,-0.47879893,-0.24820297,0.00001111,0.72700190,-0.12975350,-0.03279081,0.07824681,-0.06938581,0.00000013,-0.00886099,-0.03279097,0.04419998,0.00659301,-0.00931590,-0.00000001,0.00272278,0.04419989
133,21.867310,-0.13436859,-0.46639468,-0.25924595,0.00001113,0.72564063,-0.13437694,-0.02605588,0.07907171,-0.07076390,0.00000009,-0.00830781,-0.02605604,0.04163290,0.00405766,-0.00817200,-0.00000011,0.00411434,0.04163301
134,22.026084,-0.13798618,-0.45378999,-0.27058430,0.00001114,0.72437429,-0.13799455,-0.01962309,0.07953017,-0.07197047,0.00000009,-0.00755970,-0.01962321,0.03967926,0.00178248,-0.00707065,-0.00000000,0.00528817,0.03967936
135,22.185429,-0.14061108,-0.44109457,-0.28214117,0.00001116,0.72323574,-0.14061947,-0.01343313,0.07963875,-0.07301321,0.00000009,-0.00662554,-0.01343326,0.03821031,-0.00032404,-0.00601934,-0.00000010,0.00634339,0.03821041
136,22.344639,-0.14226537,-0.42842067,-0.29384302,0.00001117,0.72226369,-0.14227378,-0.00745100,0.07942694,-0.07388796,0.00000006,-0.00553899,-0.00745110,0.03717652,-0.00217977,-0.00494521,-0.00000010,0.00712508,0.03717672
137,22.503135,-0.14297831,-0.41586014,-0.30561583,0.00001118,0.72147597,-0.14298673,-0.00162192,0.07894623,-0.07458433,0.00000006,-0.00436186,-0.00162198,0.03649487,-0.00385549,-0.00385683,-0.00000010,0.00771232,0.03649507
138,22.660419,-0.14277754,-0.40349101,-0.31739528,0.00001119,0.72088630,-0.14278597,0.00407335,0.07820946,-0.07510587,0.00000003,-0.00310359,0.00407332,0.03604208,-0.00551015,-0.00274558,-0.00000010,0.00825553,0.03604228
139,22.815963,-0.14170405,-0.39139402,-0.32911106,0.00001119,0.72050508,-0.14171248,0.00965306,0.07722250,-0.07544323,0.00000003,-0.00177930,0.00965306,0.03581576,-0.00737344,-0.00135596,0.00000000,0.00872940,0.03581586
140,22.969293,-0.13979596,-0.37963898,-0.34069774,0.00001120,0.72033672,-0.13980439,0.01513591,0.07593199,-0.07552469,0.00000003,-0.00040730,0.01513591,0.03551924,-0.01036168,0.00125083,-0.00000022,0.00911095,0.03551924
141,23.120257,-0.13709829,-0.36828841,-0.35209273,0.00001120,0.72038114,-0.13710672,0.02046133,0.07406951,-0.07506261,-0.00000003,0.00099310,0.02046133,0.03487815,-0.01395263,0.00463758,-0.00000022,0.00931505,0.03487815
142,23.269534,-0.13365263,-0.35740028,-0.36323461,0.00001119,0.72063489,-0.13366106,0.02560776,0.07174284,-0.07413230,-0.00000003,0.00238946,0.02560776,0.03440142,-0.01634651,0.00695434,-0.00000000,0.00939217,0.03440165
143,23.416772,-0.12950520,-0.34701557,-0.37407408,0.00001119,0.72108965,-0.12951363,0.03066187,0.06922252,-0.07300054,-0.00000003,0.00377802,0.03066194,0.03438315,-0.01791740,0.00844010,-0.00000012,0.00947730,0.03438350
144,23.561515,-0.12469995,-0.33718863,-0.38454937,0.00001118,0.72173800,-0.12470836,0.03564698,0.06651130,-0.07166795,-0.00000007,0.00515665,0.03564709,0.03466065,-0.01953622,0.00996462,-0.00000025,0.00957172,0.03466079
145,23.703416,-0.11928722,-0.32795053,-0.39461724,0.00001117,0.72256777,-0.11929562,0.04059713,0.06362259,-0.07014424,-0.00000011,0.00652169,0.04059724,0.03535907,-0.02130212,0.01158513,-0.00000014,0.00971699,0.03535922
146,23.842054,-0.11331087,-0.31934001,-0.40422757,0.00001115,0.72356759,-0.11331925,0.04556658,0.06053523,-0.06841787,-0.00000011,0.00788264,0.04556673,0.03655323,-0.02329756,0.01334360,-0.00000002,0.00995369,0.03655338
147,23.977038,-0.10681917,-0.31138672,-0.41333792,0.00001114,0.72472464,-0.10682753,0.05059892,0.05724785,-0.06649313,-0.00000011,0.00924525,0.05059907,0.03838058,-0.02555304,0.01524452,-0.00000003,0.01030867,0.03838061
148,24.107965,-0.09985608,-0.30411720,-0.42190880,0.00001112,0.72602600,-0.09986442,0.05577239,0.05374040,-0.06436419,-0.00000012,0.01062383,0.05577254,0.03800826,-0.03063650,0.02036842,-0.00000003,0.01026822,0.03800845
149,24.234417,-0.09246453,-0.29755507,-0.42990391,0.00001111,0.72745899,-0.09247285,0.06038145,0.04936265,-0.06125073,-0.00000012,0.01188807,0.06038165,0.02882324,-0.04143216,0.03296716,-0.00000017,0.00846468,0.02882341
150,24.359092,-0.08469265,-0.29172089,-0.43729053,0.00001109,0.72901142,-0.08470094,0.06301069,0.04333565,-0.05608524,-0.00000016,0.01274954,0.06301089,0.01534837,-0.05047260,0.04485572,-0.00000030,0.00561688,0.01534851
151,24.486433,-0.07658487,-0.28663382,-0.44403825,0.00001107,0.73067207,-0.07659314,0.06424947,0.03664278,-0.04994640,-0.00000019,0.01330361,0.06424971,0.00891709,-0.05122957,0.04713005,-0.00000013,0.00409967,0.00891721
152,24.616071,-0.06818193,-0.28230449,-0.45012567,0.00001104,0.73243016,-0.06819016,0.06530219,0.03017077,-0.04397384,-0.00000019,0.01380307,0.06530241,0.00738055,-0.04889382,0.04522180,0.00000017,0.00367202,0.00738052
153,24.747628,-0.05952823,-0.27875335,-0.45552402,0.00001102,0.73427737,-0.05953644,0.06617724,0.02387193,-0.03813466,-0.00000015,0.01426273,0.06617747,0.00598204,-0.04704781,0.04367807,0.00000002,0.00336960,0.00598230
154,24.880771,-0.05066479,-0.27598558,-0.46021993,0.00001100,0.73620551,-0.05067296,0.06688563,0.01771719,-0.03241223,-0.00000019,0.01469500,0.06688593,0.00470011,-0.04560624,0.04242268,-0.00000013,0.00318356,0.00470024
155,25.015166,-0.04163379,-0.27401333,-0.46419552,0.00001097,0.73820884,-0.04164192,0.06743470,0.01167054,-0.02678499,-0.00000019,0.01511445,0.06743496,0.00349679,-0.04455016,0.04143391,0.00000001,0.00311652,0.00349650
156,25.150507,-0.03247519,-0.27283761,-0.46744482,0.00001095,0.74028243,-0.03248329,0.06782885,0.00570039,-0.02123600,-0.00000018,0.01553564,0.06782907,0.00235965,-0.04388455,0.04071675,0.00000001,0.00316779,0.00235951
157,25.286481,-0.02323082,-0.27246673,-0.46995716,0.00001092,0.74242389,-0.02323889,0.06807491,-0.00023599,-0.01573793,-0.00000018,0.01597392,0.06807513,0.00126097,-0.04352590,0.04018938,0.00000000,0.00333624,0.00126110
158,25.422807,-0.01393839,-0.27290187,-0.47173026,0.00001090,0.74463213,-0.01394643,0.06817221,-0.00615171,-0.01029243,-0.00000018,0.01644410,0.06817247,0.00019527,-0.04341940,0.03984690,-0.00000013,0.00357250,0.00019554
159,25.559171,-0.00464095,-0.27414424,-0.47276380,0.00001087,0.74690803,-0.00464895,0.06812815,-0.01207602,-0.00487209,-0.00000022,0.01694811,0.06812845,-0.00084375,-0.04356924,0.03959657,-0.00000014,0.00397293,-0.00084362
160,25.695321,0.00462746,-0.27619275,-0.47305797,0.00001084,0.74925072,0.00461950,0.06794227,-0.01802492,0.00049818,-0.00000022,0.01752678,0.06794257,-0.00192083,-0.04396943,0.03936588,0.00000013,0.00460356,-0.00192082
161,25.830940,0.01382367,-0.27904286,-0.47262841,0.00001081,0.75167127,0.01381575,0.06760613,-0.02402556,0.00582635,-0.00000018,0.01819921,0.06760643,-0.00300186,-0.04463095,0.03935330,0.00000013,0.00527752,-0.00300185
162,25.965744,0.02290973,-0.28268982,-0.47148239,0.00001079,0.75417221,0.02290185,0.06713050,-0.03009417,0.01114023,-0.00000019,0.01895394,0.06713080,-0.00408983,-0.04564507,0.03958546,-0.00000029,0.00605960,-0.00408981
163,26.099459,0.03184947,-0.28712371,-0.46963705,0.00001076,0.75676076,0.03184163,0.06650794,-0.03628212,0.01645579,-0.00000026,0.01982633,0.06650824,-0.00525182,-0.04702861,0.03995466,-0.00000030,0.00707396,-0.00525165
164,26.231770,0.04060254,-0.29234179,-0.46710473,0.00001072,0.75944652,0.04059474,0.06573338,-0.04260498,0.02176919,-0.00000027,0.02083580,0.06573373,-0.00649869,-0.04868827,0.04040399,0.00000012,0.00828429,-0.00649852
165,26.362383,0.04913235,-0.29832558,-0.46391341,0.00001069,0.76223899,0.04912460,0.06479927,-0.04908343,0.02707896,-0.00000023,0.02200447,0.06479962,-0.00784101,-0.05083964,0.04110112,0.00000012,0.00973837,-0.00784097
166,26.490952,0.05739737,-0.30506335,-0.46008634,0.00001066,0.76514969,0.05738966,0.06370113,-0.05578172,0.03242187,-0.00000024,0.02335981,0.06370148,-0.01362665,-0.04926691,0.03952446,-0.00000017,0.00974229,-0.01362662
167,26.617167,0.06536239,-0.31253788,-0.45565283,0.00001063,0.76819070,0.06535473,0.06132742,-0.06163586,0.03714917,-0.00000028,0.02448665,0.06132777,-0.02671604,-0.03774125,0.03142771,-0.00000013,0.00631370,-0.02671593
168,26.745200,0.07298974,-0.32073414,-0.45064124,0.00001059,0.77137537,0.07298212,0.05690863,-0.06537736,0.04041230,-0.00000027,0.02496505,0.05690901,-0.03629211,-0.02410810,0.02129679,0.00000007,0.00281146,-0.03629191
169,26.878568,0.08023834,-0.32962756,-0.44508903,0.00001056,0.77471658,0.08023078,0.05184064,-0.06793773,0.04271616,-0.00000026,0.02522157,0.05184105,-0.03647249,-0.01820002,0.01578916,-0.00000006,0.00241086,-0.03647246
170,27.016862,0.08707285,-0.33919021,-0.43903690,0.00001052,0.77822710,0.08706534,0.04700046,-0.07032160,0.04470161,-0.00000028,0.02561999,0.04700085,-0.03387123,-0.01631987,0.01304011,-0.00000006,0.00327989,-0.03387132
171,27.159778,0.09345536,-0.34940273,-0.43251847,0.00001048,0.78192119,0.09344791,0.04231570,-0.07252705,0.04638318,-0.00000028,0.02614390,0.04231608,-0.03187115,-0.01459746,0.01060014,-0.00000006,0.00399743,-0.03187123
172,27.306909,0.09934639,-0.36022646,-0.42558360,0.00001044,0.78581006,0.09933899,0.03775633,-0.07455555,0.04777615,-0.00000030,0.02677944,0.03775670,-0.03033097,-0.01306998,0.00847952,-0.00000006,0.00459023,-0.03033092
173,27.457949,0.10471320,-0.37163303,-0.41827301,0.00001039,0.78990604,0.10470586,0.03327189,-0.07642414,0.04891153,-0.00000029,0.02751258,0.03327228,-0.02916240,-0.01161795,0.00654329,0.00000004,0.00507455,-0.02916214
174,27.612563,0.10951610,-0.38358586,-0.41063356,0.00001035,0.79421941,0.10950882,0.02884270,-0.07810663,0.04977614,-0.00000029,0.02833050,0.02884315,-0.02826700,-0.01021007,0.00474321,0.00000004,0.00546706,-0.02826685
175,27.770343,0.11372350,-0.39603311,-0.40272322,0.00001030,0.79875633,0.11371630,0.02444143,-0.07961371,0.05039328,-0.00000028,0.02922046,0.02444187,-0.02761981,-0.00893171,0.00315771,0.00000003,0.00577399,-0.02761996
176,27.930992,0.11729896,-0.40893717,-0.39458688,0.00001026,0.80352405,0.11729182,0.02004775,-0.08095075,0.05078165,-0.00000028,0.03016910,0.02004815,-0.02719299,-0.00768810,0.00168852,-0.00000007,0.00599939,-0.02719303
177,28.094127,0.12021464,-0.42224366,-0.38628094,0.00001021,0.80852460,0.12020757,0.01563678,-0.08210299,0.05093999,-0.00000030,0.03116296,0.01563721,-0.02696035,-0.00641493,0.00027106,-0.00000016,0.00614388,-0.02696019
178,28.259391,0.12243405,-0.43589964,-0.37785828,0.00001016,0.81375791,0.12242705,0.01119403,-0.08305740,0.05087066,-0.00000033,0.03218674,0.01119448,-0.02685392,-0.00512043,-0.00108685,-0.00000007,0.00620737,-0.02685377
179,28.426348,0.12393353,-0.44983707,-0.36938064,0.00001010,0.81921771,0.12392661,0.00671534,-0.08380410,0.05057892,-0.00000033,0.03322518,0.00671582,-0.02688578,-0.00385646,-0.00234048,0.00000002,0.00619686,-0.02688571
180,28.594602,0.12468511,-0.46399173,-0.36090365,0.00001005,0.82489537,0.12467827,0.00218161,-0.08435013,0.05008610,-0.00000033,0.03426400,0.00218208,-0.02704486,-0.00255642,-0.00354785,0.00000001,0.00610427,-0.02704479
181,28.763746,0.12466960,-0.47829665,-0.35248168,0.00000999,0.83077832,0.12466284,-0.00240954,-0.08466663,0.04938188,-0.00000032,0.03528475,-0.00240904,-0.02737006,-0.00116178,-0.00476453,0.00000000,0.00592639,-0.02737006
182,28.933268,0.12386908,-0.49266545,-0.34417968,0.00000994,0.83684512,0.12386241,-0.00708770,-0.08474359,0.04847252,-0.00000032,0.03627107,-0.00708723,-0.02782288,0.00028234,-0.00594885,-0.00000000,0.00566660,-0.02782296
183,29.102721,0.12226705,-0.50702255,-0.33605074,0.00000988,0.84307328,0.12226045,-0.01184078,-0.08457093,0.04736537,-0.00000033,0.03720558,-0.01184031,-0.02839002,0.00183655,-0.00712461,-0.00000001,0.00528815,-0.02838983
184,29.271551,0.11986355,-0.52127432,-0.32815680,0.00000983,0.84943112,0.11985704,-0.01669155,-0.08412231,0.04606239,-0.00000033,0.03805996,-0.01669102,-0.02922758,0.00347718,-0.00833368,-0.00000001,0.00485632,-0.02922747
185,29.439206,0.11665059,-0.53532846,-0.32055143,0.00000977,0.85587989,0.11664417,-0.02167543,-0.08340091,0.04456122,-0.00000033,0.03883966,-0.02167492,-0.03027893,0.00525448,-0.00964719,-0.00000002,0.00439253,-0.03027898
186,29.605145,0.11263274,-0.54909643,-0.31329141,0.00000972,0.86238783,0.11262640,-0.02679245,-0.08236945,0.04284414,-0.00000033,0.03952528,-0.02679193,-0.03151412,0.00726005,-0.01103355,-0.00000003,0.00377359,-0.03151417
187,29.768666,0.10782355,-0.56246590,-0.30643600,0.00000966,0.86890189,0.10781730,-0.03205807,-0.08100901,0.04092610,-0.00000034,0.04008291,-0.03205758,-0.03306437,0.00941326,-0.01246236,0.00000006,0.00304919,-0.03306441
188,29.929153,0.10224568,-0.57534397,-0.30003104,0.00000961,0.87537500,0.10223950,-0.03750556,-0.07931948,0.03880624,-0.00000032,0.04051324,-0.03750505,-0.03512771,0.01182382,-0.01409441,0.00000005,0.00227069,-0.03512764
189,30.085900,0.09592552,-0.58762872,-0.29412535,0.00000956,0.88175406,0.09591943,-0.04320177,-0.07725810,0.03645488,-0.00000032,0.04080325,-0.04320125,-0.03786341,0.01460690,-0.01601761,-0.00000006,0.00141070,-0.03786342
190,30.238119,0.08889780,-0.59921410,-0.28876772,0.00000951,0.88798182,0.08889178,-0.04920406,-0.07480644,0.03385734,-0.00000033,0.04094910,-0.04920356,-0.04138457,0.01776901,-0.01827007,0.00000004,0.00050096,-0.04138467
191,30.385031,0.08120703,-0.61000569,-0.28399755,0.00000946,0.89400323,0.08120109,-0.05558120,-0.07194283,0.03098972,-0.00000031,0.04095310,-0.05558071,-0.04612548,0.02146183,-0.02103085,0.00000015,-0.00043097,-0.04612558
192,30.525757,0.07291052,-0.61990761,-0.27985389,0.00000942,0.89976150,0.07290464,-0.06247152,-0.06863320,0.02780806,-0.00000029,0.04082514,-0.06247104,-0.04243277,0.03549480,-0.02814914,0.00000006,-0.00734566,-0.04243279
193,30.659380,0.06406804,-0.62883513,-0.27636844,0.00000938,0.90520356,0.06406223,-0.06722258,-0.06220487,0.02326704,-0.00000030,0.03893783,-0.06722210,-0.02411423,0.05778603,-0.03733822,0.00000014,-0.02044768,-0.02411451
194,30.795877,0.05475242,-0.63671033,-0.27356902,0.00000934,0.91027935,0.05474667,-0.06898523,-0.05302409,0.01772230,-0.00000025,0.03530183,-0.06898483,-0.01103267,0.06644516,-0.03980457,0.00000030,-0.02664071,-0.01103312
195,30.935290,0.04503432,-0.64346501,-0.27147868,0.00000931,0.91494369,0.04502862,-0.07026661,-0.04387198,0.01228455,-0.00000021,0.03158739,-0.07026625,-0.00797996,0.06451418,-0.03818695,0.00000015,-0.02632749,-0.00798013
196,31.076925,0.03500407,-0.64904050,-0.27011646,0.00000928,0.91915695,0.03499842,-0.07122799,-0.03489245,0.00698990,-0.00000021,0.02790252,-0.07122764,-0.00560542,0.06262828,-0.03685583,0.00000014,-0.02577220,-0.00560557
197,31.220193,0.02474128,-0.65340596,-0.26948724,0.00000925,0.92289319,0.02473568,-0.07186360,-0.02602902,0.00178423,-0.00000017,0.02424482,-0.07186329,-0.00329230,0.06131714,-0.03601497,0.00000025,-0.02530204,-0.00329280
198,31.364377,0.01434677,-0.65652258,-0.26960358,0.00000923,0.92612616,0.01434121,-0.07217437,-0.01726675,-0.00336266,-0.00000014,0.02062941,-0.07217416,-0.00104863,0.06037931,-0.03554226,0.00000012,-0.02483718,-0.00104912
199,31.508890,0.00390475,-0.65839082,-0.27045803,0.00000921,0.92884884,0.00389921,-0.07216634,-0.00859769,-0.00847671,-0.00000014,0.01707440,-0.07216617,0.00118222,0.05981348,-0.03544918,0.00000012,-0.02436429,0.00118223
200,31.653042,-0.00648512,-0.65900443,-0.27205051,0.00000919,0.93105494,-0.00649063,-0.07183310,-0.00000070,-0.01359559,-0.00000010,0.01359629,-0.07183289,0.00342959,0.05948235,-0.03566578,0.00000024,-0.02381669,0.00342948
201,31.796219,-0.01673499,-0.65839102,-0.27436444,0.00000918,0.93275545,-0.01674047,-0.07118092,0.00849332,-0.01872453,-0.00000007,0.01023117,-0.07118078,0.00565819,0.05950659,-0.03626246,0.00000024,-0.02324400,0.00565758
202,31.937756,-0.02675134,-0.65658626,-0.27738165,0.00000917,0.93396790,-0.02675681,-0.07022213,0.01694168,-0.02392003,-0.00000004,0.00697839,-0.07022210,0.00794425,0.06003249,-0.03735272,0.00000025,-0.02267952,0.00794388
203,32.077090,-0.03645837,-0.65363259,-0.28108289,0.00000917,0.93471548,-0.03646384,-0.06894961,0.02535473,-0.02921583,0.00000000,0.00386115,-0.06894957,0.01032767,0.06088102,-0.03885563,0.00000013,-0.02202552,0.01032754
204,32.213524,-0.04576543,-0.64959424,-0.28543844,0.00000917,0.93503268,-0.04577089,-0.06737409,0.03373071,-0.03463517,0.00000000,0.00090446,-0.06737409,0.01277862,0.06232293,-0.04095350,0.00000000,-0.02136956,0.01277848
205,32.346544,-0.05461254,-0.64454374,-0.29041545,0.00000917,0.93495919,-0.05461801,-0.06550637,0.04214784,-0.04025089,0.00000000,-0.00189695,-0.06550637,0.01539858,0.06452580,-0.04380647,0.00000015,-0.02071933,0.01539843
206,32.475486,-0.06292562,-0.63855310,-0.29598265,0.00000917,0.93453575,-0.06293108,-0.06334025,0.05063403,-0.04611081,0.00000004,-0.00452322,-0.06334029,0.02224996,0.06363523,-0.04408146,0.00000016,-0.01955377,0.02224949
207,32.599821,-0.07065520,-0.63171928,-0.30209428,0.00000918,0.93381356,-0.07066068,-0.05987095,0.05826521,-0.05141573,0.00000004,-0.00684948,-0.05987107,0.03901355,0.04971544,-0.03344322,0.00000000,-0.01627222,0.03901339
208,32.723017,-0.07774554,-0.62413065,-0.30870964,0.00000918,0.93284029,-0.07775103,-0.05368318,0.06294014,-0.05438904,0.00000004,-0.00855110,-0.05368326,0.05330579,0.02805370,-0.01713433,0.00000014,-0.01091936,0.05330581
209,32.851472,-0.08416461,-0.61588035,-0.31578132,0.00000919,0.93166167,-0.08417011,-0.04645651,0.06532495,-0.05572760,0.00000008,-0.00959735,-0.04645663,0.05315159,0.01659458,-0.00999818,0.00000013,-0.00659640,0.05315147
210,32.984246,-0.08988130,-0.60706592,-0.32326727,0.00000920,0.93033319,-0.08988682,-0.03979848,0.06727512,-0.05700085,0.00000007,-0.01027427,-0.03979859,0.04790515,0.01296975,-0.00905711,-0.00000001,-0.00391264,0.04790518
211,33.120527,-0.09487258,-0.59777966,-0.33111767,0.00000921,0.92889733,-0.09487811,-0.03356741,0.06881452,-0.05816446,0.00000007,-0.01065006,-0.03356751,0.04406306,0.00984549,-0.00807903,-0.00000001,-0.00176659,0.04406308
212,33.259478,-0.09912013,-0.58812595,-0.33927600,0.00000922,0.92740195,-0.09912568,-0.02767091,0.06998491,-0.05922446,0.00000007,-0.01076049,-0.02767101,0.04108030,0.00718411,-0.00719290,-0.00000001,0.00000879,0.04108031
213,33.400452,-0.10261836,-0.57818913,-0.34769608,0.00000923,0.92588520,-0.10262392,-0.02206800,0.07082553,-0.06017793,0.00000007,-0.01064760,-0.02206811,0.03874282,0.00482146,-0.00632105,-0.00000000,0.00149984,0.03874270
214,33.542773,-0.10537190,-0.56806138,-0.35632415,0.00000924,0.92438553,-0.10537748,-0.01669523,0.07135081,-0.06101519,0.00000007,-0.01033559,-0.01669537,0.03704294,0.00264011,-0.00543726,-0.00000000,0.00279703,0.03704282
215,33.685853,-0.10738320,-0.55782552,-0.36510989,0.00000925,0.92293541,-0.10738880,-0.01149590,0.07157902,-0.06172973,0.00000007,-0.00984933,-0.01149604,0.03580986,0.00063844,-0.00455721,-0.00000000,0.00391877,0.03580986
216,33.829089,-0.10866336,-0.54756716,-0.37399836,0.00000926,0.92156551,-0.10866898,-0.00644230,0.07153361,-0.06231999,0.00000007,-0.00921358,-0.00644244,0.03485087,-0.00120260,-0.00368698,0.00000000,0.00488983,0.03485111
217,33.971987,-0.10922656,-0.53735732,-0.38294176,0.00000927,0.92029909,-0.10923220,-0.00152388,0.07123492,-0.06278470,0.00000007,-0.00845018,-0.00152395,0.03415521,-0.00293447,-0.00281409,-0.00000012,0.00574843,0.03415558
218,34.114027,-0.10909757,-0.52726969,-0.39188805,0.00000928,0.91915774,-0.10910321,0.00328979,0.07069747,-0.06312183,0.00000004,-0.00757564,0.00328976,0.03377766,-0.00460510,-0.00192510,-0.00000012,0.00652995,0.03377753
219,34.254771,-0.10829626,-0.51736521,-0.40079160,0.00000928,0.91815682,-0.10830191,0.00802790,0.06993267,-0.06332909,0.00000004,-0.00660362,0.00802779,0.03366853,-0.00627915,-0.00099682,0.00000013,0.00727584,0.03366839
220,34.393746,-0.10685201,-0.50770816,-0.40960243,0.00000929,0.91731058,-0.10685768,0.01270753,0.06894107,-0.06340066,0.00000007,-0.00554045,0.01270746,0.03379856,-0.00794141,-0.00004797,0.00000000,0.00798964,0.03379882
221,34.530517,-0.10479220,-0.49835494,-0.41827412,0.00000930,0.91662906,-0.10479787,0.01734774,0.06774285,-0.06334231,0.00000004,-0.00440050,0.01734770,0.03426561,-0.00957921,0.00090437,-0.00000027,0.00867498,0.03426574
222,34.664693,-0.10215170,-0.48935347,-0.42676481,0.00000930,0.91611828,-0.10215738,0.02199168,0.06634562,-0.06315562,0.00000000,-0.00318999,0.02199164,0.03510817,-0.01129060,0.00189624,-0.00000014,0.00939422,0.03510817
223,34.795866,-0.09895674,-0.48075023,-0.43503237,0.00000930,0.91578260,-0.09896242,0.02666364,0.06474691,-0.06283915,0.00000000,-0.00190776,0.02666360,0.03621970,-0.01323100,0.00305836,0.00000000,0.01017249,0.03621984
224,34.923635,-0.09524734,-0.47258772,-0.44303656,0.00000930,0.91562428,-0.09525303,0.03137051,0.06291954,-0.06236368,0.00000000,-0.00055590,0.03137051,0.03699970,-0.01676689,0.00574056,0.00000000,0.01102632,0.03699985
225,35.047782,-0.09105399,-0.46489976,-0.45074281,0.00000930,0.91564256,-0.09105967,0.03598448,0.06052305,-0.06139301,0.00000000,0.00086996,0.03598448,0.03690971,-0.02172681,0.00987389,0.00000000,0.01185325,0.03690971
226,35.169177,-0.08641167,-0.45772682,-0.45811107,0.00000930,0.91583789,-0.08641736,0.04043337,0.05758471,-0.05993923,0.00000000,0.00235456,0.04043337,0.03721195,-0.02544715,0.01281954,-0.00000018,0.01262761,0.03721230
227,35.287500,-0.08136140,-0.45109569,-0.46511130,0.00000930,0.91620699,-0.08136708,0.04490483,0.05442292,-0.05831994,-0.00000004,0.00389702,0.04490492,0.03878607,-0.02813536,0.01460499,-0.00000019,0.01353019,0.03878626
228,35.402406,-0.07593853,-0.44503378,-0.47171301,0.00000929,0.91674679,-0.07594420,0.04947943,0.05102271,-0.05653292,-0.00000004,0.00551020,0.04947947,0.03780177,-0.03414394,0.01992642,-0.00000001,0.01421752,0.03780179
229,35.513570,-0.07017560,-0.43956100,-0.47789168,0.00000929,0.91745268,-0.07018127,0.05345067,0.04670401,-0.05381518,-0.00000005,0.00711117,0.05345076,0.02800699,-0.04597728,0.03243399,-0.00000000,0.01354329,0.02800740
230,35.623719,-0.06410923,-0.43469760,-0.48362298,0.00000928,0.91832058,-0.06411488,0.05567772,0.04084737,-0.04935487,-0.00000004,0.00850750,0.05567786,0.01492541,-0.05500405,0.04329365,0.00000001,0.01171041,0.01492540
231,35.736256,-0.05777696,-0.43046487,-0.48888231,0.00000928,0.91934718,-0.05778260,0.05677435,0.03445539,-0.04417430,-0.00000004,0.00971891,0.05677444,0.00891550,-0.05531273,0.04486678,-0.00000018,0.01044576,0.00891548
232,35.850799,-0.05121691,-0.42687347,-0.49365408,0.00000927,0.92052755,-0.05122254,0.05770226,0.02828695,-0.03916652,-0.00000009,0.01087952,0.05770239,0.00748606,-0.05328803,0.04339139,-0.00000018,0.00989663,0.00748624
233,35.967052,-0.04445946,-0.42393633,-0.49792182,0.00000926,0.92185814,-0.04446507,0.05850211,0.02215668,-0.03415970,-0.00000009,0.01200302,0.05850224,0.00595245,-0.05130699,0.04173401,0.00000001,0.00957316,0.00595244
234,36.084798,-0.03752745,-0.42168882,-0.50164743,0.00000925,0.92333625,-0.03753305,0.05909513,0.01628115,-0.02940079,-0.00000008,0.01311964,0.05909525,0.00424821,-0.04876613,0.03934567,-0.00000017,0.00942047,0.00424856
235,36.203430,-0.03049069,-0.42008783,-0.50487151,0.00000924,0.92495933,-0.03049627,0.05950629,0.01062945,-0.02485926,-0.00000013,0.01422981,0.05950650,0.00298769,-0.04758817,0.03830797,-0.00000017,0.00928020,0.00298786
236,36.322822,-0.02336355,-0.41915876,-0.50756452,0.00000922,0.92672328,-0.02336910,0.05980627,0.00495404,-0.02028259,-0.00000013,0.01532854,0.05980644,0.00190479,-0.04730681,0.03803225,0.00000018,0.00927439,0.00190461
237,36.442655,-0.01618354,-0.41890270,-0.50972361,0.00000921,0.92862630,-0.01618908,0.05996196,-0.00068752,-0.01576100,-0.00000008,0.01644847,0.05996213,0.00073417,-0.04695153,0.03748518,0.00000000,0.00946652,0.00073434
238,36.562670,-0.00898177,-0.41932366,-0.51134477,0.00000920,0.93066842,-0.00898728,0.05998236,-0.00630721,-0.01129182,-0.00000013,0.01759908,0.05998257,-0.00044392,-0.04679735,0.03701602,-0.00000017,0.00978168,-0.00044374
239,36.682585,-0.00179196,-0.42041599,-0.51243286,0.00000918,0.93284885,-0.00179745,0.05985545,-0.01191562,-0.00687974,-0.00000013,0.01879539,0.05985566,-0.00163043,-0.04690961,0.03667335,-0.00000000,0.01023608,-0.00163025
240,36.802092,0.00534894,-0.42217652,-0.51299193,0.00000917,0.93516845,0.00534348,0.05959200,-0.01753840,-0.00251142,-0.00000013,0.02004982,0.05959225,-0.00277171,-0.04726714,0.03645090,-0.00000018,0.01081607,-0.00277152
241,36.920953,0.01241282,-0.42459657,-0.51303150,0.00000915,0.93762807,0.01240739,0.05919477,-0.02318255,0.00180896,-0.00000017,0.02137359,0.05919502,-0.00397249,-0.04796166,0.03638545,-0.00000019,0.01157621,-0.00397265
242,37.038868,0.01936486,-0.42766560,-0.51256361,0.00000913,0.94022921,0.01935946,0.05865141,-0.02889459,0.00610379,-0.00000017,0.02279079,0.05865162,-0.00523559,-0.04902079,0.03648891,-0.00000002,0.01253188,-0.00523538
243,37.155553,0.02617244,-0.43137524,-0.51159955,0.00000911,0.94297479,0.02616706,0.05796650,-0.03468283,0.01036926,-0.00000017,0.02431357,0.05796680,-0.00635712,-0.04971060,0.03607625,-0.00000002,0.01363416,-0.00635653
244,37.270726,0.03280482,-0.43570707,-0.51015942,0.00000909,0.94586649,0.03279949,0.05717746,-0.04042035,0.01446834,-0.00000017,0.02595197,0.05717781,-0.00771147,-0.05156423,0.03648493,-0.00000002,0.01507910,-0.00771163
245,37.384252,0.03924889,-0.44061935,-0.50829065,0.00000907,0.94890999,0.03924359,0.05620289,-0.04647554,0.01871334,-0.00000018,0.02776215,0.05620316,-0.01145426,-0.05362767,0.03767563,-0.00000002,0.01595224,-0.01145461
246,37.495516,0.04543866,-0.44615430,-0.50595285,0.00000905,0.95210714,0.04543339,0.05460266,-0.05247531,0.02293744,-0.00000018,0.02953787,0.05460293,-0.02293675,-0.04499815,0.03310761,0.00000000,0.01189074,-0.02293656
247,37.605965,0.05135499,-0.45225379,-0.50320513,0.00000903,0.95545891,0.05134975,0.05111752,-0.05645220,0.02605372,-0.00000018,0.03039848,0.05111783,-0.03616423,-0.02784955,0.02333117,0.00000005,0.00451857,-0.03616373
248,37.721222,0.05697621,-0.45889592,-0.50007236,0.00000901,0.95896827,0.05697101,0.04644016,-0.05876113,0.02820343,-0.00000017,0.03055774,0.04644055,-0.03877995,-0.01877976,0.01698167,-0.00000012,0.00179826,-0.03877970
249,37.840925,0.06226659,-0.46606033,-0.49657844,0.00000899,0.96263877,0.06226144,0.04200577,-0.06086470,0.03004374,-0.00000021,0.03082100,0.04200614,-0.03557652,-0.01642569,0.01391253,-0.00000012,0.00251298,-0.03557678
250,37.964615,0.06720014,-0.47370999,-0.49275991,0.00000896,0.96646990,0.06719503,0.03778107,-0.06275904,0.03158965,-0.00000020,0.03116939,0.03778139,-0.03320647,-0.01442752,0.01137391,0.00000005,0.00305329,-0.03320655
251,38.091909,0.07174905,-0.48181187,-0.48864993,0.00000894,0.97046180,0.07174398,0.03367146,-0.06448578,0.03289841,-0.00000019,0.03158733,0.03367181,-0.03148714,-0.01268611,0.00922798,0.00000004,0.00345813,-0.03148705
252,38.222516,0.07588403,-0.49034091,-0.48427539,0.00000891,0.97461629,0.07587901,0.02966052,-0.06603079,0.03396955,-0.00000019,0.03206124,0.02966086,-0.03006530,-0.01098741,0.00723121,0.00000003,0.00375649,-0.03006535
253,38.356001,0.07958215,-0.49925006,-0.47967885,0.00000889,0.97892891,0.07957717,0.02573147,-0.06738747,0.03480812,-0.00000019,0.03257939,0.02573180,-0.02901559,-0.00944618,0.00547511,-0.00000011,0.00397094,-0.02901550
254,38.492042,0.08281932,-0.50850356,-0.47489371,0.00000886,0.98339727,0.08281439,0.02184008,-0.06857678,0.03544523,-0.00000022,0.03313151,0.02184044,-0.02829831,-0.00798780,0.00388038,-0.00000011,0.00410715,-0.02829822
255,38.630291,0.08557265,-0.51805994,-0.46995660,0.00000883,0.98801653,0.08556777,0.01796954,-0.06957843,0.03587246,-0.00000022,0.03370593,0.01796990,-0.02781296,-0.00652629,0.00235418,0.00000015,0.00417237,-0.02781299
256,38.770344,0.08782028,-0.52786738,-0.46491033,0.00000880,0.99277770,0.08781545,0.01409967,-0.07039306,0.03610041,-0.00000018,0.03429269,0.01410003,-0.02750491,-0.00512816,0.00098998,0.00000014,0.00413843,-0.02750481
257,38.911855,0.08954262,-0.53788014,-0.45979200,0.00000878,0.99767214,0.08953784,0.01022513,-0.07102234,0.03615121,-0.00000018,0.03487117,0.01022552,-0.02730626,-0.00375288,-0.00033072,-0.00000011,0.00408348,-0.02730616
258,39.054429,0.09072509,-0.54804379,-0.45464030,0.00000875,1.00268409,0.09072037,0.00634236,-0.07145920,0.03600645,-0.00000021,0.03545274,0.00634275,-0.02731901,-0.00241713,-0.00163549,-0.00000012,0.00405250,-0.02731902
259,39.197690,0.09135549,-0.55830569,-0.44950009,0.00000872,1.00780578,0.09135082,0.00241640,-0.07171324,0.03568373,-0.00000021,0.03602952,0.00241678,-0.02752787,-0.00103033,-0.00285591,0.00000000,0.00388612,-0.02752788
260,39.341282,0.09141824,-0.56861492,-0.44440433,0.00000869,1.01301925,0.09141363,-0.00155408,-0.07175475,0.03518723,-0.00000021,0.03656749,-0.00155370,-0.02778344,0.00045697,-0.00407851,-0.00000000,0.00362155,-0.02778356
261,39.484709,0.09090944,-0.57890066,-0.43940069,0.00000866,1.01830134,0.09090488,-0.00555797,-0.07158209,0.03451312,-0.00000021,0.03706897,-0.00555762,-0.02822960,0.00191131,-0.00526500,0.00000012,0.00335381,-0.02822971
262,39.627609,0.08982684,-0.58911083,-0.43452228,0.00000863,1.02363311,0.08982233,-0.00963698,-0.07120749,0.03367972,-0.00000018,0.03752778,-0.00963663,-0.02892114,0.00344489,-0.00647758,0.00000011,0.00303269,-0.02892100
263,39.769536,0.08816457,-0.59918245,-0.42980781,0.00000861,1.02899025,0.08816011,-0.01379548,-0.07060089,0.03266813,-0.00000018,0.03793276,-0.01379510,-0.02967362,0.00509781,-0.00775843,-0.00000014,0.00266075,-0.02967347
264,39.910005,0.08593105,-0.60904824,-0.42529693,0.00000858,1.03434517,0.08592665,-0.01801670,-0.06976789,0.03148876,-0.00000022,0.03827916,-0.01801630,-0.03066379,0.00683717,-0.00908492,-0.00000015,0.00224775,-0.03066388
265,40.048595,0.08313685,-0.61865180,-0.42102059,0.00000855,1.03967239,0.08313250,-0.02235249,-0.06869291,0.03013290,-0.00000022,0.03856001,-0.02235212,-0.03206060,0.00878114,-0.01056685,0.00000011,0.00178558,-0.03206069
266,40.184755,0.07978970,-0.62792163,-0.41701791,0.00000852,1.04493954,0.07978540,-0.02682535,-0.06735527,0.02858552,-0.00000019,0.03876975,-0.02682498,-0.03364351,0.01084036,-0.01214418,0.00000011,0.00130368,-0.03364345
267,40.317984,0.07591039,-0.63679658,-0.41331996,0.00000850,1.05011654,0.07590614,-0.03141568,-0.06577264,0.02686139,-0.00000019,0.03891121,-0.03141530,-0.03563829,0.01307856,-0.01388933,-0.00000004,0.00081077,-0.03563807
268,40.447802,0.07152592,-0.64522288,-0.40995212,0.00000847,1.05517499,0.07152172,-0.03619988,-0.06391500,0.02493198,-0.00000020,0.03898302,-0.03619945,-0.03839708,0.01565300,-0.01596563,0.00000011,0.00031294,-0.03839698
269,40.573580,0.06665784,-0.65313301,-0.40694744,0.00000845,1.06008045,0.06665370,-0.04122983,-0.06177179,0.02278064,-0.00000016,0.03899120,-0.04122943,-0.04189806,0.01856230,-0.01841950,0.00000011,-0.00014280,-0.04189844
270,40.694805,0.06134202,-0.66048071,-0.40432523,0.00000843,1.06480594,0.06133792,-0.04654883,-0.05933005,0.02038231,-0.00000017,0.03894774,-0.04654849,-0.04581839,0.02172805,-0.02103276,-0.00000006,-0.00069546,-0.04581861
271,40.810784,0.05561626,-0.66720635,-0.40211267,0.00000841,1.06931902,0.05561220,-0.05209815,-0.05661781,0.01779158,-0.00000018,0.03882623,-0.05209779,-0.04091904,0.03581997,-0.02759987,-0.00000005,-0.00822029,-0.04091895
272,40.921136,0.04955058,-0.67329509,-0.40029844,0.00000839,1.07359353,0.04954656,-0.05581009,-0.05122287,0.01413559,-0.00000018,0.03708724,-0.05580973,-0.02296087,0.05802298,-0.03584016,0.00000001,-0.02218302,-0.02296108
273,41.034399,0.04313629,-0.67866055,-0.39895174,0.00000837,1.07761228,0.04313231,-0.05723254,-0.04364300,0.00977718,-0.00000017,0.03386577,-0.05723223,-0.01083056,0.06491599,-0.03709304,0.00000022,-0.02782256,-0.01083081
274,41.150041,0.03644974,-0.68328521,-0.39806039,0.00000835,1.08134559,0.03644579,-0.05828926,-0.03636325,0.00564479,-0.00000013,0.03071850,-0.05828896,-0.00798901,0.06153043,-0.03498770,0.00000021,-0.02654254,-0.00798905
275,41.267542,0.02954660,-0.68713836,-0.39763570,0.00000834,1.08477406,0.02954269,-0.05909512,-0.02929766,0.00162007,-0.00000013,0.02767759,-0.05909482,-0.00580436,0.05913074,-0.03376262,0.00000001,-0.02536848,-0.00580474
276,41.386414,0.02248128,-0.69021037,-0.39767745,0.00000832,1.08788781,0.02247740,-0.05966125,-0.02238637,-0.00233576,-0.00000013,0.02472209,-0.05966104,-0.00368653,0.05752531,-0.03306056,0.00000018,-0.02446457,-0.00368690
277,41.506183,0.01530894,-0.69248068,-0.39819311,0.00000831,1.09067378,0.01530508,-0.05997487,-0.01556972,-0.00626956,-0.00000008,0.02183932,-0.05997467,-0.00156364,0.05636553,-0.03270260,0.00000018,-0.02366276,-0.00156365
278,41.626313,0.00809337,-0.69394553,-0.39918151,0.00000830,1.09312704,0.00808954,-0.06003637,-0.00886434,-0.01018108,-0.00000008,0.01904542,-0.06003616,0.00047385,0.05546169,-0.03256058,-0.00000000,-0.02290129,0.00047350
279,41.746329,0.00089148,-0.69460941,-0.40063805,0.00000829,1.09524745,0.00088767,-0.05986108,-0.00225085,-0.01408883,-0.00000008,0.01633968,-0.05986096,0.00248683,0.05499831,-0.03276679,0.00000017,-0.02223135,0.00248649
280,41.865756,-0.00623994,-0.69448448,-0.40255498,0.00000828,1.09703946,-0.00624374,-0.05944092,0.00430462,-0.01802685,-0.00000004,0.01372228,-0.05944079,0.00453969,0.05496558,-0.03334160,0.00000017,-0.02162397,0.00453970
281,41.984087,-0.01324111,-0.69358595,-0.40492409,0.00000828,1.09851004,-0.01324489,-0.05878173,0.01081769,-0.02201608,-0.00000004,0.01119839,-0.05878160,0.00656806,0.05521860,-0.03414152,-0.00000000,-0.02107726,0.00656770
282,42.100873,-0.02006051,-0.69194106,-0.40773133,0.00000827,1.09967239,-0.02006428,-0.05789666,0.01728744,-0.02605410,-0.00000004,0.00876666,-0.05789661,0.00863369,0.05589724,-0.03538694,0.00000018,-0.02051030,0.00863352
283,42.215657,-0.02664820,-0.68958271,-0.41095742,0.00000827,1.10054013,-0.02665197,-0.05678243,0.02376178,-0.03021061,0.00000000,0.00644884,-0.05678235,0.01087887,0.05716971,-0.03730232,-0.00000001,-0.01986738,0.01087888
284,42.327976,-0.03295597,-0.68654469,-0.41459225,0.00000827,1.10113694,-0.03295972,-0.05542603,0.03027085,-0.03452557,-0.00000005,0.00425472,-0.05542599,0.01328993,0.05888189,-0.03960496,-0.00000021,-0.01927692,0.01328953
285,42.437321,-0.03893418,-0.68287274,-0.41861051,0.00000826,1.10148325,-0.03893794,-0.05383653,0.03681379,-0.03898962,-0.00000005,0.00217583,-0.05383653,0.01573589,0.06132919,-0.04252409,0.00000021,-0.01880532,0.01573568
286,42.543268,-0.04454658,-0.67861895,-0.42298643,0.00000826,1.10160538,-0.04455033,-0.05203821,0.04347457,-0.04368069,0.00000000,0.00020607,-0.05203821,0.02414285,0.05919823,-0.04100982,0.00000046,-0.01818841,0.02414262
287,42.645404,-0.04976246,-0.67382641,-0.42769973,0.00000826,1.10152613,-0.04976622,-0.04881281,0.04913195,-0.04752308,0.00000005,-0.00160888,-0.04881286,0.04162254,0.04341754,-0.02734949,0.00000023,-0.01606782,0.04162231
288,42.748063,-0.05454321,-0.66855696,-0.43271893,0.00000827,1.10127589,-0.05454697,-0.04351411,0.05236628,-0.04928174,0.00000005,-0.00308454,-0.04351416,0.05294613,0.02429918,-0.01198827,-0.00000023,-0.01231114,0.05294615
289,42.854790,-0.05887371,-0.66286164,-0.43801864,0.00000827,1.10088027,-0.05887748,-0.03772662,0.05421987,-0.05003326,0.00000000,-0.00418666,-0.03772667,0.05155610,0.01565109,-0.00680548,-0.00000022,-0.00884540,0.05155632
290,42.964890,-0.06272336,-0.65680063,-0.44356749,0.00000827,1.10036811,-0.06272713,-0.03233536,0.05575986,-0.05075735,0.00000000,-0.00500246,-0.03233536,0.04679719,0.01246653,-0.00628225,0.00000020,-0.00618387,0.04679720
291,43.077795,-0.06608463,-0.65042696,-0.44933774,0.00000827,1.09976470,-0.06608840,-0.02729066,0.05699995,-0.05143422,0.00000004,-0.00556568,-0.02729070,0.04321296,0.00963928,-0.00567746,0.00000019,-0.00396202,0.04321277
292,43.192870,-0.06894506,-0.64380583,-0.45529342,0.00000828,1.09909925,-0.06894884,-0.02248371,0.05795741,-0.05205169,0.00000004,-0.00590572,-0.02248375,0.04059094,0.00714288,-0.00504260,-0.00000019,-0.00210066,0.04059094
293,43.309612,-0.07129675,-0.63699141,-0.46140424,0.00000828,1.09839565,-0.07130053,-0.01788096,0.05865580,-0.05260319,0.00000000,-0.00605265,-0.01788100,0.03853054,0.00497039,-0.00441754,-0.00000018,-0.00055304,0.03853036
294,43.427487,-0.07314025,-0.63004414,-0.46763506,0.00000828,1.09767919,-0.07314404,-0.01344376,0.05912355,-0.05308812,0.00000000,-0.00603547,-0.01344384,0.03696805,0.00296498,-0.00377528,0.00000018,0.00081048,0.03696806
295,43.546104,-0.07447609,-0.62300917,-0.47395915,0.00000828,1.09696831,-0.07447989,-0.00913831,0.05935699,-0.05349601,0.00000004,-0.00586098,-0.00913836,0.03573865,0.00099915,-0.00308871,0.00000018,0.00208992,0.03573882
296,43.664915,-0.07530994,-0.61595114,-0.48033650,0.00000829,1.09628763,-0.07531374,-0.00495841,0.05936078,-0.05382147,0.00000004,-0.00553927,-0.00495845,0.03484005,-0.00078015,-0.00242611,-0.00000018,0.00320644,0.03483987
297,43.783547,-0.07565343,-0.60891437,-0.48673868,0.00000829,1.09565305,-0.07565724,-0.00086579,0.05917175,-0.05407207,0.00000000,-0.00509963,-0.00086587,0.03425997,-0.00249565,-0.00175294,-0.00000018,0.00424860,0.03425997
298,43.901601,-0.07551486,-0.60194604,-0.49313458,0.00000829,1.09508062,-0.07551868,0.00315043,0.05877009,-0.05423637,0.00000000,-0.00453369,0.00315039,0.03397902,-0.00422690,-0.00105266,0.00000018,0.00527919,0.03397938
299,44.018623,-0.07491284,-0.59509894,-0.49948834,0.00000829,1.09458729,-0.07491666,0.00712186,0.05817811,-0.05431953,0.00000004,-0.00385862,0.00712186,0.03394184,-0.00589010,-0.00036464,0.00000019,0.00625437,0.03394202
300,44.134305,-0.07385757,-0.58840772,-0.50577499,0.00000830,1.09418270,-0.07386139,0.01104886,0.05739944,-0.05432122,0.00000004,-0.00307826,0.01104886,0.03402051,-0.00759660,0.00034033,-0.00000019,0.00725665,0.03402031
301,44.248207,-0.07237620,-0.58192095,-0.51195962,0.00000830,1.09388057,-0.07238002,0.01493242,0.05643405,-0.05424139,0.00000000,-0.00219261,0.01493238,0.03453820,-0.00927912,0.00102265,-0.00000019,0.00825646,0.03453820
302,44.360022,-0.07048707,-0.57566960,-0.51801819,0.00000830,1.09368779,-0.07049090,0.01884471,0.05530499,-0.05409039,0.00000000,-0.00121464,0.01884471,0.03532975,-0.01156852,0.00222271,0.00000000,0.00934561,0.03532995
303,44.469400,-0.06820788,-0.56968787,-0.52392404,0.00000830,1.09361190,-0.06821170,0.02274712,0.05387517,-0.05374974,0.00000000,-0.00012543,0.02274712,0.03547788,-0.01549526,0.00494397,0.00000000,0.01055150,0.03547788
304,44.576398,-0.06556515,-0.56401233,-0.52964832,0.00000830,1.09366065,-0.06556898,0.02652126,0.05195219,-0.05302064,0.00000000,0.00106845,0.02652126,0.03502092,-0.01990419,0.00825869,0.00000000,0.01164550,0.03502115
305,44.681465,-0.06258365,-0.55867063,-0.53516786,0.00000830,1.09383848,-0.06258747,0.03017383,0.04965419,-0.05199837,0.00000000,0.00234417,0.03017388,0.03510548,-0.02310977,0.01046647,-0.00000024,0.01264354,0.03510548
306,44.784369,-0.05928987,-0.55368570,-0.54046247,0.00000830,1.09414817,-0.05929369,0.03382218,0.04714603,-0.05084392,-0.00000005,0.00369794,0.03382218,0.03595477,-0.02585992,0.01196135,-0.00000025,0.01389857,0.03595478
307,44.884811,-0.05570605,-0.54908368,-0.54550676,0.00000829,1.09459044,-0.05570987,0.03748508,0.04439568,-0.04956607,-0.00000005,0.00517039,0.03748513,0.03689296,-0.02896693,0.01348101,0.00000025,0.01548593,0.03689348
308,44.982598,-0.05185925,-0.54488520,-0.55028789,0.00000829,1.09517309,-0.05186306,0.04113542,0.04140395,-0.04817159,0.00000000,0.00676769,0.04113553,0.03709878,-0.03335718,0.01641378,-0.00000002,0.01694313,0.03709880
309,45.077453,-0.04778165,-0.54110755,-0.55478662,0.00000829,1.09589418,-0.04778545,0.04463185,0.03796970,-0.04640410,-0.00000005,0.00843434,0.04463191,0.03017005,-0.04314404,0.02625395,-0.00000028,0.01688953,0.03016978
310,45.170083,-0.04349141,-0.53776642,-0.55898800,0.00000828,1.09675441,-0.04349521,0.04679188,0.03331506,-0.04324935,-0.00000005,0.00993424,0.04679193,0.01625744,-0.05371588,0.03886571,0.00000028,0.01485074,0.01625772
311,45.264601,-0.03902461,-0.53487268,-0.56288068,0.00000828,1.09775336,-0.03902840,0.04767441,0.02791684,-0.03913043,0.00000000,0.01121364,0.04767452,0.00845262,-0.05557061,0.04225029,0.00000001,0.01332033,0.00845288
312,45.360767,-0.03440067,-0.53244313,-0.56644954,0.00000828,1.09889267,-0.03440445,0.04840366,0.02271864,-0.03519290,-0.00000005,0.01247421,0.04840376,0.00675656,-0.05300879,0.03998600,-0.00000053,0.01302252,0.00675680
313,45.458208,-0.02965334,-0.53047420,-0.56969426,0.00000827,1.10016845,-0.02965711,0.04898253,0.01765399,-0.03138887,-0.00000010,0.01373489,0.04898268,0.00518378,-0.05124208,0.03831713,0.00000001,0.01292547,0.00518402
314,45.556692,-0.02480376,-0.52898427,-0.57259941,0.00000826,1.10158368,-0.02480751,0.04941929,0.01267903,-0.02768561,-0.00000005,0.01500663,0.04941944,0.00373720,-0.04975497,0.03686751,0.00000026,0.01288746,0.00373719
315,45.655883,-0.01988437,-0.52796787,-0.57516702,0.00000826,1.10313489,-0.01988811,0.04972128,0.00781866,-0.02410108,-0.00000005,0.01628242,0.04972143,0.00233711,-0.04866587,0.03568384,-0.00000025,0.01298178,0.00233736
316,45.755577,-0.01491497,-0.52742926,-0.57739274,0.00000825,1.10482200,-0.01491869,0.04988410,0.00300014,-0.02058865,-0.00000010,0.01758851,0.04988431,0.00095015,-0.04804297,0.03479626,0.00000000,0.01324672,0.00095015
317,45.855420,-0.00993064,-0.52736923,-0.57927522,0.00000824,1.10664445,-0.00993434,0.04991087,-0.00176770,-0.01715793,-0.00000005,0.01892563,0.04991102,-0.00033256,-0.04755497,0.03399594,0.00000025,0.01355878,-0.00033281
318,45.955221,-0.00495056,-0.52778217,-0.58081822,0.00000824,1.10860039,-0.00495425,0.04981771,-0.00649392,-0.01380156,-0.00000005,0.02029544,0.04981786,-0.00088309,-0.03558138,0.02519752,-0.00000025,0.01038336,-0.00088284
319,46.054691,-0.00000342,-0.52866328,-0.58202547,0.00000823,1.11068874,-0.00000709,0.04973490,-0.00885803,-0.01213680,-0.00000010,0.02099473,0.04973510,-0.00083255,-0.02376698,0.01673629,-0.00000051,0.00703018,-0.00083204
